nombre,categoria,tiempo,dificultad,porciones,ingredientes,pasos,img
SMOOTHIE DE YOGHURT CON AVENA,bebidas,,Baja,1,"['1 Yoghurt ACTIVIA® Avena sabor durazno', '1/2 plátanos, congelado', '1 cucharadita de jengibre, pelado y rallado', '3 cucharadas de avena', '1 taza de leche', 'al gusto de avena', 'al gusto de hoja de menta, para decorar']","['Licúa el yoghurt ACTIVIA® Avena sabor durazno, el plátano congelado, el jengibre, la avena y la leche por 3 minutos y reserva.', 'Sirve y decora con hojuelas de avena y hojas de menta.']",https://cdn7.kiwilimon.com/brightcove/10307/10307.jpg
HUEVOS CON QUESO FETA,desayunos,6 mins,Baja,2,"['1 cucharada de mantequilla, en cubos', '1 taza de queso feta, rallado', '2 Huevos San Juan®', 'al gusto de sal', 'al gusto de pimienta', 'al gusto de hojuela de chile', '2 panes pita', '1 aguacate, molido', 'al gusto de salsa roja, para acompañar', 'al gusto de frijoles refritos, para acompañar']","['Derrite la mantequilla en una sartén a fuego bajo. Espolvorea el queso feta formando un círculo y, una vez derretido, agrega el Huevo San Juan® para que quede estrellado. Sazona con sal y pimienta y añade un poco de hojuelas de chile.', 'Tapa el huevo y deja cocinar por 3 minutos o hasta que esté cocido.', 'Unta suficiente aguacate sobre el pan pita y coloca el huevo con queso feta encima.', 'Sirve en un plato, baña con salsa roja y acompaña con frijoles.']",https://cdn7.kiwilimon.com/brightcove/10303/10303.jpg
BOLITAS DE PAPA PARA EL LUNCH,comida-para-ninos,15 mins,Baja,4,"['1 cucharada de aceite vegetal', '1/2 tazas de cebolla, finamente picada', '500 gramos de carne molida de res', '1 cucharadita de ajo en polvo', '1 taza de zanahoria, en cubos muy pequeños', '1 cucharada de perejil', 'al gusto de sal', '3 tazas de papa, cocida y en cubos medianos', '1 cucharada de queso parmesano', 'al gusto de sal', '1 taza de queso manchego, en cubos pequeños', '2 huevos, para empanizar las bolitas', '1 taza de pan molido, para empanizar las bolitas', 'suficiente de aceite vegetal', 'al gusto de cátsup, para acompañar']","['Calienta el aceite en una sartén a fuego medio, agrega la cebolla y cocina por 2 minutos. Incorpora la carne, el ajo en polvo y la zanahoria y cocina por 10 minutos. Añade el perejil y sazona con sal. Reserva.', 'Aplasta la papa con un tenedor hasta obtener un puré y agrega el queso parmesano, la sal, la carne. Mezcla y forma bolitas del tamaño de tu mano, haz un hueco, agrega una uno o dos cubitos de queso. Cierra muy bien.', 'Pasa cada una de las bolitas por el huevo y, por último, por el pan molido.', 'Fríe las bolitas de papa una por una en una olla con suficiente aceite a fuego medio por 5 minutos o hasta que estén doradas. Retira y coloca en un plato con papel absorbente.', 'Sirve el lunch en un refractario y acompaña con cátsup.']",https://cdn7.kiwilimon.com/brightcove/10287/10287.jpg
ENTOMATADAS DE REQUESÓN CON SALSA CREMOSA,desayunos,10 mins,Baja,4,"['5 jitomates', '1/4 cebollas', '1 diente de ajo', '1 chile serrano', '1/2 tazas de caldo de pollo', '1 taza de Yoghurt ACTIVIA® natural sin azúcar, utiliza mínimo 250 gramos', 'al gusto de sal', 'al gusto de pimienta', 'suficiente de aceite', '8 tortillas de maíz', '2 tazas de queso cottage', '1/4 tazas de cilantro, finamente picado', 'al gusto de sal', 'al gusto de pimienta', 'al gusto de Yoghurt ACTIVIA® natural sin azúcar', 'al gusto de queso fresco, desmoronado', 'al gusto de cebolla morada, fileteada', 'al gusto de aguacate, rebanado']","['En un bowl mezcla el queso cottage, el cilantro, la sal y la pimienta hasta integrar. Reserva.', 'Cocina los jitomates, la cebolla, el ajo y el chile serrano en una olla con suficiente agua durante 5 minutos o hasta que estén cocidos. Escurre y licúa con el caldo de pollo, el Yoghurt ACTIVIA® Natural, la sal y la pimienta hasta obtener la consistencia de una salsa.', 'Calienta un poco de aceite en una olla y sofríe la salsa durante 10 minutos. Reserva.', 'Sofríe las tortillas en una sartén con suficiente aceite hasta que estén suaves. Rellena con la mezcla de queso cottage y enrolla.', 'Decora las entomatadas con un poco de Yoghurt ACTIVIA® Natural, queso fresco desmoronado, cebolla y aguacate.']",https://cdn7.kiwilimon.com/brightcove/10286/10286.jpg
BURRITOS DE SALCHICHA,comida-para-ninos,3 mins,Baja,2,"['4 tortillas de harina', '4 rebanadas de queso manchego', '4 salchichas de pavo', 'suficiente de Aceite La Posada®', 'al gusto de cátsup', 'al gusto de mayonesa']","['En una tortilla de harina, coloca una rebanada de queso manchego y una salchicha, enrolla y asegura con un palillo. Repite este proceso hasta tener todos los burritos necesarios para tu lunch.', 'En una sartén pre-calentado a temperatura media, vierte un poco de Aceite La Posada® y después fríe los burritos durante 5 minutos o hasta que estén doraditos de todos lados.', 'Quita el exceso de aceite con una servilleta y deja enfriar un poco.', 'Sirve en un plato o colócalos en la lunchera sin olvidar acompañarlos de cátsup y mayonesa.']",https://cdn7.kiwilimon.com/brightcove/10281/10281.jpg
MINI HOT CAKES,desayunos,6 mins,Baja,6,"['1 taza de harina', '1 cucharadita de polvo para hornear', '3 cucharadas de azúcar', '1 pizca de sal', '1 huevo', '3/4 tazas de leche', '1 cucharada de mantequilla, derretida', '1 cucharada de esencia de vainilla', 'suficiente de mantequilla', 'al gusto de chocolate blanco, derretido', 'al gusto de chocolate, derretido', 'al gusto de frutos rojos, para decorar', 'al gusto de miel']","['En un bowl, mezcla la harina, el polvo para hornear, el azúcar, la sal, el huevo, la leche, la mantequilla y la esencia de vainilla hasta obtener una masa homogénea.', 'Derrite un poco de mantequilla en una sartén, vierte un poco de la masa para hot cakes y forma un osito. Cocina el hot cake en forma de oso durante 3 minutos o hasta que se formen burbujas, voltea y continúa cocinando hasta que esté bien cocido.', 'Sirve los hot cakes de osito en un platón y acompaña con frutos rojos y miel.']",https://cdn7.kiwilimon.com/brightcove/10261/10261.jpg
BOLILLO RELLENO DE HUEVO,desayunos,10 mins,Baja,4,"['2 tomates verdes, para la salsa', '1/4 cebollas, asada, para la salsa', '1 diente de ajo, asado, para la salsa', '1 chile morita, remojado, para la salsa', 'suficiente de sal, para la salsa', 'suficiente de cilantro, para la salsa', '1/4 tazas de agua, para la salsa', '4 bolillos', 'al gusto de frijoles refritos', 'al gusto de queso manchego', 'al gusto de chorizo, frito', '4 huevos', 'al gusto de chiles en vinagre, para acompañar']","['Licúa los tomates, la cebolla, el ajo, el chile morita, la sal, el cilantro y el agua hasta obtener una salsa. Reserva.', 'Corta el bolillo en el centro y retira el migajón, después usa una cuchara y agrega los frijoles refritos, el queso, el chorizo, la salsa verde y un huevo.', 'Coloca el bolillo relleno de huevo en una charola y hornea a 200 °C por 15 minutos.', 'Sirve el bolillo relleno de huevo y acompaña con rajas en vinagre.']",https://cdn7.kiwilimon.com/brightcove/10232/10232.jpg
TORTILLAS DE LINAZA,faciles,3 mins,Baja,4,"['2 tazas de harina de linaza', '1 1/2 tazas de agua, calientes', 'suficiente de cebolla en polvo', 'suficiente de sal de perejil', 'suficiente de pimienta']","['En un bowl, mezcla la harina de linaza, el agua caliente, la cebolla en polvo, el perejil en polvo, la sal y la pimienta. Mezcla hasta formar una masa. Reserva.', 'Divide la masa para tortillas de linaza y extiende con un rodillo.', 'Calienta un comal, coloca una tortilla de linaza y cocina durante 3 minutos o hasta que esté cocida por ambos lados.', 'Repite el proceso hasta terminar con la masa de linaza y disfruta de esta opción ligera y saludables para tus comidas y cenas.']",https://cdn7.kiwilimon.com/brightcove/10217/10217.jpg
ENCHILADAS SUIZAS AL SARTÉN,platos-fuertes,15 mins,Baja,4,"['5 tomates verdes, para la salsa', '1/4 cebollas, para la salsa', '1 diente de ajo, para la salsa', 'al gusto de chile serrano, para la salsa', '1/4 tazas de cilantro, para la salsa', 'al gusto de sal, para la salsa', 'al gusto de pimienta, para la salsa', 'al gusto de comino, para la salsa', '1/4 tazas de caldo de pollo, para la salsa', '1/2 tazas de crema, para la salsa', 'suficiente de aceite, para freír las tortillas', 'suficiente de tortillas de maíz', '1 kilo de pollo, cocido y deshebrado', '2 tazas de queso manchego, rallado', 'al gusto de aguacate', 'al gusto de hoja de cilantro']","['En una sartén T-Fal asa los tomates, la cebolla, los dientes de ajo y el chile serrano en una olla con agua durante 5 minutos o hasta que los ingredientes estén bien quemaditos.', 'Licúa en la licuadora Power XL las verduras cocidas con el cilantro, la sal, la pimienta, el comino, el caldo de pollo y la crema ácida hasta obtener una salsa verde. Reserva.', 'Fríe las tortillas en una sartén T-Fal con suficiente aceite hasta que estén suaves. Rellena con el pollo deshebrado y enrolla para formar las enchiladas.', 'Coloca las enchiladas de pollo en una sartén T-Fal, baña con la salsa verde y cocina durante 5 minutos. Agrega el queso, tapa y deja que las enchiladas suizas se gratinen.', 'Decora las enchiladas suizas verdes con aguacate y hojas de cilantro.']",https://cdn7.kiwilimon.com/brightcove/10216/10216.jpg
BAGEL CON HUEVO,desayunos,35 mins,Baja,4,"['3/4 tazas de agua, tibia, para el bagel', '1 sobre de levadura, para el bagel', '1/2 tazas de Yogurt griego Danone®, para el bagel', '1/2 cucharaditas de azúcar, para el bagel', '2 1/2 tazas de harina, para el bagel', '1 cucharadita de sal, para el bagel', 'suficiente de agua, para cocinar el bagel', '1 huevo, para barnizar el bagel', 'suficiente de ajonjolí', '8 huevos', '1 taza de tocino de pavo, finamente picado', '1/4 tazas de Yogurt griego Danone®', 'al gusto de sal', 'al gusto de pimienta', '1 cucharadita de aceite de oliva', '1 taza de queso manchego, bajo en grasa, rallado', 'al gusto de lechuga']","['En un bowl, mezcla el agua, la levadura y el azúcar. Deja reposar por 10 minutos.', 'En un bowl, mezcla el Yogurt griego Danone®, la harina, la sal y la mezcla de levadura. Revuelve hasta obtener una masa, coloca en un bowl previamente engrasado con aceite, tapa y deja fermentar por 30 minutos.', 'Forma 4 bagels y coloca en una charola. Fermenta por 15 minutos más.', 'En una olla con suficiente agua, cocina los bagels uno por uno durante 5 minutos de cada lado. Retira y coloca en una charola con papel encerado. Barniza con huevo y espolvorea con ajonjolí. Hornea a 180 °C por 20 minutos, rebana a la mitad y reserva.', 'Para el huevo: Mezcla el huevo, el Yogurt griego Danone®, el tocino, la sal, la pimienta y el queso. Agrega una cucharadita de aceite de oliva en una sartén y cocina el huevo a fuego medio por 5 minutos. Reserva.', 'Rellena los bagels con el huevo revuelto, coloca una hoja de lechuga y cierra. Sirve el bagel con huevo en un plato extendido y disfruta.']",https://cdn7.kiwilimon.com/brightcove/10151/10151.jpg
HUEVOS EN SALSA VERDE,desayunos,15 mins,Baja,4,"['8 tomates', '4 chiles serranos', '1/2 cebollas', '1 diente de ajo', '1/2 tazas de caldo de pollo', 'suficiente de aceite vegetal', '1/2 tazas de cebolla, en tiras', '3 Huevos San Juan®', 'al gusto de sal', 'al gusto de pimienta', 'al gusto de cilantro, para decorar', 'al gusto de frijoles refritos, para acompañar', 'al gusto de tortillas de maíz, para acompañar']","['Asa los tomates, el chile serrano, la cebolla y el ajo en un comal hasta que todos los ingredientes estén dorados de ambos lados.', 'Licúa los ingredientes con una taza de caldo de pollo hasta que la salsa verde quede martajada. Reserva.', 'Calienta el aceite en una sartén a fuego medio, sofríe la cebolla hasta que esté ligeramente dorada y agrega las piezas de Huevo San Juan®. Sazona el huevo con sal y pimienta, cocina por 3 minutos sin dejar de mover, vierte la salsa y cocina por 2 minutos más. Añade las hojas de cilantro.', 'Acompaña los huevos en salsa verde con frijoles refritos, tortillas y café de olla.']",https://cdn7.kiwilimon.com/brightcove/10148/10148.jpg
ROL DE GUAYABA CON QUESO,panes,20 mins,Baja,8,"['11 gramos de levadura seca, para la masa', '3/4 tazas de Leche Deslactosada Santa Clara®, para la masa', '2 3/4 tazas de harina, para la masa', '1/4 tazas de azúcar, para la masa', '1 cucharadita de sal, para la masa', '2 huevos, para la masa', '2 cucharadas de mantequilla, para la masa', '2 tazas de mermelada de guayaba, para el relleno', '2 tazas de queso crema, para el relleno', '1 huevo']","['Mezcla la levadura y la Leche Deslactosada Santa Clara® tibia en un bowl. Deja reposar por 10 minutos.', 'Coloca la harina, el azúcar, la sal, el huevo y la mezcla de levadura con Leche Deslactosada Santa Clara® en un bowl de batidora. Mezcla hasta obtener una masa homogénea.', 'Agrega la mantequilla y continúa amasando hasta que se integre en su totalidad. Posteriormente, coloca en un bowl previamente engrasado y reposa durante 30 minutos o hasta que la masa doble su tamaño.', 'Extiende la masa en una superficie plana con harina hasta obtener un grosor de 2 cm, unta queso crema y mermelada de guayaba y enrolla. Corta y coloca los roles en moldes para panqué.', 'Hornea los roles de guayaba a 180 °C por 20 minutos.']",https://cdn7.kiwilimon.com/brightcove/10147/10147.jpg
RECETA DE QUICHE DE JAMÓN Y QUESO,desayunos,55 mins,Baja,6,"['2 1/2 tazas de harina, para la masa', '1/2 cucharaditas de azúcar morena, para la masa', '1/2 cucharaditas de sal, para la masa', '1 taza de mantequilla, en cubos pequeños, a temperatura ambiente, para la masa', '1/2 tazas de agua, fría, para la masa', 'suficiente de harina, para estirar la masa', '1 taza de Yogurt Griego sin azúcar Danone®, para el relleno', '5 huevos, para el relleno', 'al gusto de sal', 'al gusto de pimienta', '1/2 tazas de cebolla, finamente picada, frita, para el relleno', '1 taza de jamón de pavo, en rebanadas gruesas, en cubos pequeños, para el relleno', '1/2 tazas de queso manchego, bajo en grasa, rallado, para el relleno', '1/2 tazas de requesón, para el relleno', 'suficiente de perejil']","['En un bowl de batidora, mezcla la harina, el azúcar, la sal y la mantequilla. Vierte el agua poco a poco, hasta que formes una masa. Refrigera por 1 hora.', 'Estira la masa en una superficie enharinada hasta obtener un grosor de 1 cm. Coloca sobre un refractario apto para horno, remueve el exceso con ayuda de un cuchillo y cubre con papel encerado y frijoles, pues estos ayudan a que la masa para quiche no crezca y puedas hornearla. Hornea a 180 °C por 10 minutos, retira del horno, quita los frijoles y el papel encerado. Reserva.', 'Con un batidor globo, mezcla el Yogurt griego sin azúcar Danone®, el huevo, la sal y la pimienta en un bowl. Agrega el jamón, el queso manchego y el requesón y mezcla.', 'Vierte el relleno sobre la base del quiche y hornea a 180 °C por 30 minutos.', 'Sirve el quiche de jamón y queso en el mismo refractario y decora con perejil.']",https://cdn7.kiwilimon.com/brightcove/10133/10133.jpg
TORTA DE CHILAQUILES ROJOS CON MILANESA,desayunos,6 mins,Baja,2,"['4 jitomates, cocido, para los chilaquiles', '1/4 cebollas, cocida, para los chilaquiles', '1 diente de ajo, cocido, para los chilaquiles', '2 chiles serranos, cocidos, para los chilaquiles', 'suficiente de sal, para los chilaquiles', 'suficiente de pimienta, para los chilaquiles', '2 tazas de totopos, para los chilaquiles', '2 milanesas de pollo', 'suficiente de harina, para las milanesas', '3 huevos, para las milanesas', 'suficiente de pan molido, para las milanesas', '2 bolillos', 'al gusto de crema, para decorar', 'al gusto de queso, rallado, para decorar', 'al gusto de cebolla, en aros, para decorar']","['Licúa los jitomates, la cebolla, el ajo, los chiles serranos, la sal y la pimienta hasta obtener una salsa homogénea.', 'Vierte un poco de aceite en una olla, calienta y sofríe la salsa roja durante 3 minutos. Posteriormente, agrega los totopos, mezcla y retira del fuego. Reserva.', 'Para las milanesas: Pasa la milanesa de pollo por la harina, el huevo y por el pan molido.', 'Fríe las milanesas con suficiente aceite hasta que se doren por ambos lados. Corta y reserva.', 'Coloca la milanesa dentro del bolillo, agrega los chilaquiles rojos y termina con crema, queso y aros de cebolla. ¡A disfrutar de la mejor torta de chilaquiles del condado!']",https://cdn7.kiwilimon.com/brightcove/10131/10131.jpg
TORTA DE CHILAQUILES ROJOS CON MILANESA,desayunos,6 mins,Baja,2,"['4 jitomates, cocido, para los chilaquiles', '1/4 cebollas, cocida, para los chilaquiles', '1 diente de ajo, cocido, para los chilaquiles', '2 chiles serranos, cocidos, para los chilaquiles', 'suficiente de sal, para los chilaquiles', 'suficiente de pimienta, para los chilaquiles', '2 tazas de totopos, para los chilaquiles', '2 milanesas de pollo', 'suficiente de harina, para las milanesas', '3 huevos, para las milanesas', 'suficiente de pan molido, para las milanesas', '2 bolillos', 'al gusto de crema, para decorar', 'al gusto de queso, rallado, para decorar', 'al gusto de cebolla, en aros, para decorar']","['Licúa los jitomates, la cebolla, el ajo, los chiles serranos, la sal y la pimienta hasta obtener una salsa homogénea.', 'Vierte un poco de aceite en una olla, calienta y sofríe la salsa roja durante 3 minutos. Posteriormente, agrega los totopos, mezcla y retira del fuego. Reserva.', 'Para las milanesas: Pasa la milanesa de pollo por la harina, el huevo y por el pan molido.', 'Fríe las milanesas con suficiente aceite hasta que se doren por ambos lados. Corta y reserva.', 'Coloca la milanesa dentro del bolillo, agrega los chilaquiles rojos y termina con crema, queso y aros de cebolla. ¡A disfrutar de la mejor torta de chilaquiles del condado!']",https://cdn7.kiwilimon.com/brightcove/10131/10131.jpg
JUGO VERDE FÁCIL,bebidas,,Baja,6,"['suficiente de CitroBiox™', '1/2 tazas de piña, en cubos medianos', '1/2 tazas de apio', '1/2 tazas de pepino, sin cáscara y en rebanadas', '1 cucharada de jengibre, rallado', '1/4 manojos de menta', '1 cucharada de linaza', '1 taza de agua', 'suficiente de toronja, en rebanadas, para decorar']","['Rocía el apio con Citrobiox™. Reserva.', 'Licúa la piña, el apio, el pepino, el jengibre, la menta, la linaza y el agua por 1 minuto o hasta obtener una mezcla homogénea. Sirve inmediatamente y ¡disfruta!']",https://cdn7.kiwilimon.com/brightcove/10117/10117.jpg
JUGO ROJO,bebidas,,Baja,6,"['suficiente de CitroBiox™', '3 jitomates', '1 taza de apio, en cubos medianos', '1/4 tazas de jugo de limón', '1 pizca de sal', '1 brocheta de apio y tomates cherry']","['Rocía el jitomate con Citrobiox™.', 'Licúa los jitomates, el apio y el jugo de limón por 1 minuto o hasta integrar todo. Sirve el jugo rojo en un vaso y disfruta inmediatamente.']",https://cdn7.kiwilimon.com/brightcove/10116/10116.jpg
HOTCAKES DE MAZAPÁN,desayunos,6 mins,Baja,12,"['2 1/2 tazas de harina', '3 cucharadas de azúcar', '2 cucharadas de polvo para hornear', '1 pizca de sal', '2 huevos', '1 3/4 tazas de leche', '4 cucharadas de mantequilla, derretida', '1 cucharadita de esencia de vainilla', '8 mazapanes, desmoronado', 'suficiente de mantequilla, para cocinar', 'al gusto de crema batida, para decorar', 'al gusto de mazapán, para decorar']","['Mezcla la harina, el azúcar, el polvo para hornear, la sal, los huevos y la leche en un bowl hasta integrar perfectamente. Agrega la mantequilla y los mazapanes e incorpora.', 'Calienta un poco de mantequilla en una sartén a temperatura media, agrega un poco de la mezcla de hotcakes y cocina durante 3 minutos o hasta que estén bien cocidos. Voltea y cocina por 3 minutos más.', 'Sirve una torre de hotcakes de mazapán y decora con crema batida y mazapán.']",https://cdn7.kiwilimon.com/brightcove/10111/10111.jpg
LICUADOS PARA NIÑOS,desayunos,,Baja,3,"['1 taza de Yogurt griego endulzado Danone®, para el licuado de mango', '1 taza de mango, para el licuado de mango', '3 cucharadas de avena, para el licuado de mango', '1 taza de leche vegetal, para el licuado de mango', 'al gusto de miel, para el licuado de mango', '1 taza de Yogurt griego endulzado Danone®, para el licuado de fresa', '1 taza de fresa, para el licuado de fresa', '2 cucharadas de almendra, para el licuado de fresa', '1/2 tazas de leche vegetal, para el licuado de fresa', 'al gusto de miel, para el licuado de fresa', '1 taza de Yogurt griego endulzado Danone®, para el licuado de plátano con chocolate', '1 plátano, para el licuado de plátano con chocolate', '2 cucharadas de nuez, para el licuado de plátano con chocolate', '1/2 tazas de leche vegetal, para el licuado de plátano con chocolate', 'al gusto de granillo de chocolate, para el licuado de plátano con chocolate']","['Para el licuado de mango: Licúa el Yogurt griego endulzado Danone, el mango, la avena, la leche vegetal y la miel hasta obtener la consistencia ideal. Sirve el licuado en un vaso y decora con una rebanada de mango.', 'Para el licuado de fresa: Licúa el Yogurt griego endulzado Danone, la fresa, la almendra, la leche vegetal y la miel hasta obtener la consistencia ideal. Sirve el licuado en un vaso y decora con una fresa.', 'Para el licuado de plátano con chocolate: Licúa el Yogurt griego endulzado Danone, el plátano, la nuez y la leche vegetal hasta obtener la consistencia ideal. Sirve el licuado en un vaso, agrega granillo de chocolate y mezcla con una cuchara.']",https://cdn7.kiwilimon.com/brightcove/10106/10106.jpg
ENCHILADAS EN SALSA DE CHIPOTLE,platos-fuertes,20 mins,Baja,4,"['1/4 cebollas, para la salsa', '1 diente de ajo, para la salsa', '1/2 tazas de chile chipotle, para la salsa', '1/2 tazas de queso crema, en cubos, para la salsa', '1 taza de crema ácida, para la salsa', '1 taza de consomé de pollo, para la salsa', 'al gusto de sal, para la salsa', 'al gusto de pimienta, para la salsa', '2 cucharadas de mantequilla, en cubos pequeños', '2 cucharadas de aceite vegetal', '2 tazas de chorizo, desmenuzado', '3 tazas de papa, csocidas y en cubos pequeños', 'suficiente de aceite vegetal, para freír las tortillas', '15 tortillas', 'al gusto de crema ácida, para decorar', 'al gusto de queso fresco, desmoronado, para decorar', 'al gusto de cebolla morada, en tiras delgadas, para decorar', 'al gusto de hoja de cilantro, para decorar']","['Licúa la cebolla, el ajo, el chile chipotle, el queso crema, la crema ácida, el consomé de pollo, la sal y la pimienta por 5 minutos o hasta tener una salsa no tan espesa.', 'Agrega la mantequilla en una olla, derrite a fuego medio, vierte la salsa de chipotle y cocina a fuego medio-bajo por 5 minutos. Reserva.', 'Calienta el aceite vegetal en una sartén a fuego medio, añade el chorizo y cocina de 5 a 8 minutos o hasta que esté dorado. Cuando el chorizo esté dorado, incorpora las papas y cocina a fuego bajo por 5 minutos. Reserva.', 'Fríe una a una las tortillas en una sartén con suficiente aceite a fuego medio por 2 minutos. Retira y coloca en un plato con papel absorbente.', 'Coloca tres tortillas fritas en un plato extendido, rellena con las papas con chorizo, cierra, baña con la salsa de chipotle y decora con la crema, queso, cebolla y hojas de cilantro. ¡Disfruta de estas enchiladas en salsa de chipotle!']",https://cdn7.kiwilimon.com/brightcove/10089/10089.jpg
¿CÓMO HACER HOT CAKES EN 5 MINUTOS?,desayunos,6 mins,Baja,4,"['2 tazas de harina, para los hot cakes', '2 Huevos San Juan®, para los hot cakes', '4 cucharadas de azúcar, para los hot cakes', '2 cucharadas de polvo para hornear, para los hot cakes', '1 pizca de sal, para los hot cakes', '1 1/2 tazas de leche, para los hot cakes', '2 cucharadas de mantequilla, derretida, para los hot cakes', '1 cucharada de esencia de vainilla, para los hot cakes', 'al gusto de manzana, en rebanadas delgadas', 'al gusto de chispas de chocolate', 'al gusto de plátano, en cubos pequeños', 'al gusto de blueberry', 'al gusto de mantequilla', 'al gusto de miel de maple']","['Mezcla la harina, el azúcar, el polvo para hornear, la sal, la leche y las piezas de Huevo San Juan® en un bowl hasta integrar y agrega la mantequilla derretida y la esencia de vainilla. Termina de incorporar.', 'Coloca la mezcla para hot cakes en moldes para hielo y agrega los cubos de manzana, las chispas de chocolate, el plátano y las blueberries de manera intercalada. Congela durante 2 horas.', 'Calienta un poco de mantequilla en una plancha a temperatura media, coloca los cubos de hot cakes congelados y cocina de cada lado durante 3 minutos o hasta que estén cocidos en el centro.', 'Sirve una torre de hot cakes y acompaña con miel y fruta.']",https://cdn7.kiwilimon.com/brightcove/10083/10083.jpg
PAN TOSTADO PARA DESAYUNAR,desayunos,15 mins,Baja,3,"['2 tazas de jitomate cherry, en mitades, para el pan de jitomate cherry', '1 1/2 tazas de champiñón, en rebanadas, para el pan de hongos', '6 rebanadas de pan rústico', '1/4 tazas de nuez de la India', 'suficiente de aceite de oliva, para dorar las verduras y el pan', 'al gusto de sal, para dorar las verduras', 'al gusto de pimienta', '3 tazas de Yogurt Griego sin azúcar Danone®', '1 cucharadita de ajo en polvo', '1 taza de queso doble crema, desmoronado', 'al gusto de sal', 'al gusto de pimienta', 'al gusto de albahaca, para el pan de jitomate', '2 aguacates, rebanado, para el pan de aguacate', 'al gusto de kale, frito, para el pan de aguacate', 'al gusto de perejil, para el pan de hongos', 'al gusto de aceite de oliva, para acompañar']","['Coloca los jitomates, el mix de champiñone en una charola con papel encerado. Posteriormente, coloca la nuez y el pan en otra charola. Agrega un poco de aceite de oliva en las dos charolas. En la charola de verduras agrega sal, pimienta y hornea a 180 °C por 20 minutos. Por otro lado, hornea el pan y la nuez a 200 °C por 10 minutos.', 'Mezcla el Yogurt Griego sin azúcar Danone®, el ajo en polvo, el queso doble crema, la sal y la pimienta en un bowl. Reserva en refrigeración.', 'Coloca las rebanas de pan en una tabla.\n\nPara el pan tostado con jitomate cherry: Agrega un poco de la mezcla de Yogurt Griego sin azúcar Danone®, jitomate cherry y hojas de albahaca.\n\nPara el pan tostado con aguacate: Añade un poco de la mezcla de Yogurt Griego sin azúcar Danone®, aguacate rebanado en forma de abanico cubriendo todo el pan y un poco de kale frito.\n\nPara el pan tostado con champiñón: Agrega un poco de la mezcla de Yogurt Griego sin azúcar Danone®, setas, hongos y hojas de perejil.', 'Disfruta de estas tres opciones de pan tostado para el desayuno con un poco de aceite de oliva.']",https://cdn7.kiwilimon.com/brightcove/10075/10075.jpg
DESAYUNO PARA COMPARTIR,desayunos,5 mins,Baja,4,"['2 tazas de Yogurt Griego sin azúcar Danone®, para los waffles', '1 1/2 tazas de harina de trigo, para los waffles', '1 huevo, para los waffles', '2 cucharaditas de polvo para hornear, para los waffles', '2 cucharaditas de fécula de maíz, para los waffles', 'suficiente de aceite en aerosol, para los waffles', 'al gusto de tocino de pavo, frito, para acompañar', 'al gusto de croissant, para acompañar', 'al gusto de uvas verdes, para acompañar', 'al gusto de fresa, para acompañar', 'al gusto de toronja, en cuartos, para acompañar', '1 taza de Yogurt Griego sin azúcar Danone®, para acompañar', '1 taza de Yogurt griego endulzado Danone®, para acompañar', '1 taza de nuez, para acompañar', 'suficiente de mantequilla, para acompañar']","['Mezcla el Yogurt griego sin azúcar Danone®, la harina, el huevo, el polvo para hornear y la fécula de maíz en un bowl. Utiliza un batidor globo para mezclar hasta integrar.', 'Rocía un poco de aceite en aerosol sobre una waflera, vierte un poco de la preparación anterior y cocina por 5 minutos. Enfría y reserva.', 'Corta los waffles a la mitad y reserva', 'Para armar el desayuno para compartir: Coloca los waffles, los croissants, la fruta, el tocino, el Yogurt griego Endulzado Danone®, el Yogurt griego sin azúcar Danone®, las nueces y la mantequilla en una tabla grande de madera.']",https://cdn7.kiwilimon.com/brightcove/10067/10067.jpg
PAN FRANCÉS EN FREIDORA DE AIRE,desayunos,10 mins,Baja,5,"['1 taza de Yogurt griego endulzado Danone®, para la mezcla de pan francés', '2 huevos, para la mezcla de pan francés', '1 cucharadita de esencia de vainilla, para la mezcla de pan francés', '10 panes de caja, en tiras', '1 cucharadita de azúcar, para espolvorear', '1/4 cucharaditas de canela, para espolvorear', '1 taza de Yogurt griego endulzado Danone®, para acompañar', 'al gusto de mermelada de frambuesa', 'al gusto de frambuesa, para acompañar']","['Mezcla el Yogurt Griego Endulzado Danone®, el huevo y la esencia de vainilla en un bowl hasta integrar completamente. Reserva.', 'Sumerge una rebanada de pan en la preparación anterior y coloca sobre la rejilla de la freidora de aire con papel para horno. Espolvorea con un poco de azúcar y canela. Hornea a 180 °C por 10 minutos. Repite el proceso hasta terminar con las 10 rebanadas de pan.', 'Sirve el pan francés en freidora de aire en un plato extendido, agrega el Yogurt Griego Endulzado Danone® y las frambuesas. Repite el proceso hasta obtener 3 rebanadas de pan y termina de decorar con frambuesas.']",https://cdn7.kiwilimon.com/brightcove/10063/10063.jpg
SMOOTHIE BOWL DE SANDÍA CON PLÁTANO,desayunos,,Baja,4,"['2 tazas de sandía, en cubos medianos', '1 taza de plátano, en rebanadas', '1 taza de Yogurt griego endulzado Danone®', '1 taza de frambuesa, congelada', '1 taza de mango, en cubos pequeños', '1 taza de uva, en mitades', '1 taza de mora azul, congelada', '1/2 tazas de salvado de trigo']","['Coloca la sandía y el plátano en una charola y congela por 3 horas.', 'Licúa la sandía, el plátano y el Yogurt Griego Endulzado Danone® por 5 minutos o hasta obtener una consistencia homogénea y espesa.', 'Sirve el smoothie bowl de sandía con plátano en un bowl, agrega frambuesa, mango, uvas y mora azul. Espolvorea salvado.']",https://cdn7.kiwilimon.com/brightcove/10061/10061.jpg
BOWLS DE YOGURT,desayunos,,Baja,4,"['1/2 sandías baby', '1/2 melones', '4 tazas de Yogurt griego endulzado Danone®', '1/2 tazas de chía', '1 cucharada de miel de abeja', '1 taza de mango, en cubos medianos', '1 taza de mora azul', '1 taza de kiwi, sin cáscara, en medias lunas', '1 taza de frambuesa', '1 taza de granola']","['Usa una cuchara o una parisién para quitar el relleno de la sandía y el melón. Reserva la pulpa de fruta para consumir o hacer agua de sabor. Corta la parte de debajo de las frutas para que se puedan sostener en un plato. Reserva.', 'Mezcla el Yogurt griego Endulzado Danone®, la chía y la miel en un bowl. Reserva en refrigeración.', 'Coloca la sandía y el melón en un plato extendido o una tabla, rellena con la mezcla de Yogurt griego Endulzado Danone®, agrega un poco de cada una de las frutas y añade un poco de granola. ¡Disfruta de estos bowls de yogurt!']",https://cdn7.kiwilimon.com/brightcove/10060/10060.jpg
AVENA CON YOGURT,desayunos,8 mins,Baja,2,"['2 1/2 tazas de agua', '1 taza de avena', '1 raja de canela', '1 taza de Yogurt griego endulzado Danone®', '1/4 tazas de almendra, tostada y troceada', '1/4 tazas de nuez, tostada y troceada', 'al gusto de avena', '1 taza de durazno, en rebanadas medianas', '1 taza de fresa, en rebanadas delgadas']","['Coloca el agua, la avena y la raja de canela en una olla. Cocina durante 8 minutos, culea y reserva.', 'Cuando la avena esté cocida y fría, mezcla con el Yogurt griego Endulzado Danone® e integra.', 'Coloca la avena en un bowl y decora con las nueces, las almendras, las hojuelas de avena, los duraznos y las fresas.', 'Decora la avena con yogur con un toque de miel.']",https://cdn7.kiwilimon.com/brightcove/10056/10056.jpg
RECETA DE OMELETTE POBLANO,desayunos,7 mins,Baja,4,"['al gusto de aceite de oliva', '1 taza de cebolla, en tiras delgadas', '1 diente de ajo', '2 tazas de rajas poblanas', 'al gusto de sal', 'al gusto de pimienta', '6 huevos', '1/4 tazas de Yogurt Griego sin azúcar Danone®', 'al gusto de sal', 'al gusto de pimienta', 'al gusto de aceite de oliva', '1 taza de queso panela, en cubos medianos', 'al gusto de jitomate cherry, a la mitad', '1 barra de pan, rebanado']","['Calienta el aceite de oliva en una sartén a temperatura media, saltea la cebolla, el ajo y las rajas de poblano y sazona con sal y pimienta. Retira y reserva.', 'Bate los huevos, el Yogurt Griego sin azúcar Danone®, la sal y la pimienta hasta integrar.', 'Vierte el aceite de oliva en una sartén a temperatura media, agrega un poco del huevo, cocina durante 5 minutos, rellena con el salteado de las rajas de poblano y el queso panela. Dobla y cocina por 2 minutos más de cada lado.', 'Sirve el omelette poblano sobre un plato extendido y acompaña con jitomates cherry y rebanadas de pan.']",https://cdn7.kiwilimon.com/brightcove/10054/10054.jpg
ENCHILADAS DE HUEVO,desayunos,10 mins,Baja,4,"['1 1/2 tazas de frijoles negros enteros', '2 cucharadas de chile chipotle adobado', '1 taza de agua, o caldo de la cocción de los frijoles', 'suficiente de sal', 'suficiente de pimienta', '2 cucharadas de Primavera®', '1/4 tazas de cebolla blanca, finamente picado', '1/4 tazas de jitomate, finamente picado, sin semillas', '1 chile serrano, en rodajas delgadas', '6 piezas de huevo', 'al gusto de sal', '2 cucharadas de Primavera®', '8 tortillas de maíz', '1/4 tazas de chorizo, ligeramente dorado', 'al gusto de aguacate']","['Licúa los frijoles enteros, los chipotles adobados y el caldo de frijol.', 'Vierte la mezcla en una olla, sazona con sal y pimienta y deja que hierva.', 'Derrite Primavera® en una sartén caliente y sofríe la cebolla, el jitomate y el chile hasta que comiencen a tomar un poco de color. Posteriormente, agrega el huevo y la sal y cocina durante 3 minutos o hasta que esté cocido. Reserva.', 'Calienta Primavera® en una sartén, agrega las tortillas, rellena con el huevo a la mexicana y enrolla. Finalmente, baña las enchiladas de huevo con la salsa de frijol.', 'Decora las enchiladas de huevo con chorizo y aguacate.']",https://cdn7.kiwilimon.com/brightcove/10052/10052.jpg
BURRITO DE HUEVO,desayunos,15 mins,Baja,4,"['6 tomates verdes, para la salsa verde', '1/4 cebollas, para la salsa verde', '2 chiles serranos', '1 diente de ajo, para la salsa verde', '1/4 manojos de cilantro, para la salsa verde', '1/4 cucharaditas de comino, para la salsa verde', 'suficiente de sal, para la salsa verde', '3/4 tazas de agua, para la salsa verde', '1 cucharada de Primavera®', '1/4 tazas de cebolla, en cubos', '1 taza de machaca', '6 huevos, batido', '4 tortillas de harina burrera', '2 cucharadas de Primavera®', 'al gusto de crema ácida, para acompañar', 'al gusto de queso fresco, desmoronado, para acompañar', 'al gusto de aguacate, en rebanadas']","['Licúa los tomates, la cebolla, los chiles serranos, el ajo, el cilantro, el comino, la sal y el agua hasta obtener una salsa suave y tersa.', 'Vierte la salsa verde en una olla y cocina a fuego medio por 15 minutos o hasta obtener una consistencia tersa. Reserva', 'Agrega Primavera® en una sartén caliente, saltea la cebolla, la machaca, agrega el huevo batido y cocina durante 3 minutos o hasta que esté suave y cremoso.', 'Calienta las tortillas de harina, rellena con la machaca con huevo, envuelve y coloca en una sartén con Primavera® para dorar ligeramente.', 'Sirve el burrito de machaca con huevo en un plato hondo, baña con la salsa verde y decora con crema, queso fresco y rebanadas de aguacate.']",https://cdn7.kiwilimon.com/brightcove/10045/10045.jpg
MUFFIN DE HUEVO,desayunos,8 mins,Baja,4,"['1 cucharada de Primavera®', '4 huevos, batido', 'al gusto de sal', 'al gusto de pimienta', '2 tazas de carne molida de res, para la hamburguesa', 'al gusto de sal, para la hamburguesa', 'al gusto de pimienta, para la hamburguesa', '1 cucharadita de ajo en polvo, para la hamburguesa', '1 cucharadita de paprika, para la hamburguesa', '4 muffins', '1 cucharada de Primavera®', '4 rebanadas de queso amarillo', 'al gusto de guacamole']","['Derrite la Primavera® en una sartén a temperatura media, agrega el huevo batido, sazona con sal y pimienta y cocina hasta obtener el término deseado. Divide el huevo en 4 porciones y reserva.', 'En un bowl, mezcla carne molida de res, la sal, la pimienta, el ajo en polvo y la paprika hasta integrar perfectamente. Posteriormente, forma hamburguesas del tamaño del muffin y cocina con Primavera® en una plancha a temperatura media.', 'Corta el muffin a la mitad, unta con Primavera® y calienta junto con la carne en la misma plancha.', 'Coloca una rebanada de queso amarillo, la carne de hamburguesa y el huevo revuelto sobre una tapa de muffin y tapa con la otra rebanada de pan.', 'Unta un poco más de Primavera® en ambas tapas del muffin y calienta por ambos lados.', 'Sirve el muffin de huevo en un plato extendido y acompaña con guacamole.']",https://cdn7.kiwilimon.com/brightcove/10026/10026.jpg
CACHAPAS,desayunos,5 mins,Baja,6,"['2 tazas de granos de elote', '1 huevo', '1 taza de leche', '1/4 tazas de harina PAN', '1 cucharadita de sal', 'suficiente de mantequilla', 'suficiente de queso blanco, en rebanadas']","['Licúa los granos de elote, el huevo, la leche, la harina PAN y la sal hasta obtener una consistencia tersa y homogénea. Reserva.', 'Derrite una cucharada de mantequilla en una sartén a fuego medio, vierte un cucharón de la preparación anterior, extiende con la misma cuchara y cocina de 2 a 5 minutos. Voltea la cachapa y cocina por 2 minutos más. Retira del fuego y reserva.', 'Rellena las cachapas con rebanadas de queso, dobla, sirve y agrega un poco de mantequilla.']",https://cdn7.kiwilimon.com/brightcove/9954/9954.jpg
ROLLITOS DE CALABAZA CON HUEVO,desayunos,15 mins,Baja,4,"['suficiente de aceite en aerosol', '2 tazas de Claras de Huevo San Juan®', '1/4 tazas de crema para batir', 'suficiente de sal', 'suficiente de pimienta', '5 calabazas, a lo largo, en rebanadas delgadas', 'suficiente de agua, para cocer las calabazas', 'suficiente de hielo, para cortar la cocción de las calabazas', '6 rebanadas de jamón de pavo', '6 rebanadas de queso panela, rebanadas delgadas para poder envolver', 'al gusto de pico de gallo, para acompañar']","['Agrega las Claras de Huevo San Juan®, la crema para batir, la sal y la pimienta en un bowl. Mezcla muy bien y reserva.', 'Añade un poco de aceite en aerosol en una sartén, vierte una capa delgada de la mezcla de Claras de Huevo San Juan®, tapa y cocina de 5 a 8 minutos o hasta que se cocine perfectamente por ambos lados. Retira.', 'Cocina las calabazas en una olla con suficiente agua de 2 a 3 minutos, retira y coloca en un bowl con agua y hielos para cortar la cocción. Deja reposar por 2 minutos, retira del agua y coloca en un plato con papel absorbente.', 'Forra una tabla con plástico antiadherente, coloca una capa de tiras de calabaza, agrega las Claras de Huevo San Juan®, añade las rebanadas de jamón y las rebanadas de queso. Envuelve muy bien, forma un rollito y refrigera por 5 minutos.', 'Retira el plástico y corta los rollitos de calabaza con huevo para obtener rebanadas de 2 cm de grosor. Sirve sobre una tabla y acompaña con pico de gallo.']",https://cdn7.kiwilimon.com/brightcove/9948/9948.jpg
GUAJOLOTONGO,desayunos,50 mins,Baja,10,"['1 taza de manteca, para los tamales', '2 tazas de harina para tamales, para los tamales', '1/2 tazas de caldo de pollo, para los tamales', '1 cucharadita de polvo para hornear, para los tamales', 'suficiente de sal, para los tamales', 'suficiente de hoja para tamal, hidratadas, para los tamales', '2 tazas de pechuga de pollo, cocida y desmenuzada, para los tamales', '1 1/2 tazas de salsa verde, semiespesa, para los tamales', 'suficiente de agua, para cocer los tamales', 'suficiente de agua, para cocer la salsa', '9 tomates verdes, para los chilaquiles', '1/4 cebollas, para los chilaquiles', '4 chiles serranos, para los chilaquiles', '1 ajo, para los chilaquiles', '1 manojo de cilantro, para los chilaquiles', '2 cucharadas de aceite vegetal, para los chilaquiles', '3 tazas de totopos, cortadas en forma triangular y fritas, para los chilaquiles', 'al gusto de pollo, cocido', 'al gusto de crema', 'al gusto de queso', 'al gusto de cebolla, fileteada']","['Bate la manteca de cerdo por 3 minutos o hasta que esté esponjosa y haya cambiado de color.', 'Agrega a la manteca, la harina de maíz y el caldo de pollo, alternando y sin dejar de batir hasta incorporar por completo. Añade el polvo para hornear y sazona con sal.', 'Incorpora una cucharada abundante de masa a las hojas de maíz y distribuye. Agrega un poco de pollo y salsa verde. Cierra el tamal y dobla la punta hacia la parte más gruesa.', 'Cocina los tamales al vapor por 45 minutos. Reserva.', 'Para la salsa de los chilaquiles: Cocina los tomates verdes, la cebolla y el chile en una olla con agua hirviendo por 3 minutos.', 'Licúa los tomates, la cebolla y los chiles cocidos junto con el ajo y el cilantro hasta obtener una salsa tersa.', 'Calienta una olla a fuego medio, vierte aceite vegetal y agrega la salsa que licuaste. Sazona con sal y fríe por 2 minutos. Retira del fuego.', 'En la misma olla, añade los totopos fritos y deja reposar por unos minutos.', 'Sirve el tamal con chilaquiles encima, agrega pollo, crema, queso, cebolla y acompaña con una telera. ¡Disfruta tu guajolotongo!']",https://cdn7.kiwilimon.com/brightcove/9926/9926.jpg
RECETA DE PAN FRANCÉS DE CHOCOLATE,desayunos,6 mins,Baja,6,"['2 paquetes de Galletas Giro de Gamesa® , de 95 g c/u', '2 tazas de leche baja en grasa', '4 huevos', '2 cucharaditas de extracto de vainilla', '1 pizca de sal', '2 cucharadas de mantequilla baja en grasa , en cubos', '6 pan de caja integral', '1/2 tazas de azúcar', '3 cucharadas de canela en polvo', 'al gusto de chocolate líquido cero azúcar, para decorar', 'al gusto de crema batida baja en grasa, para decorar', 'al gusto de coco rallado, tostado, para decorar']","['Utiliza un cuchillo para quitar el relleno de las Galletas Giro de Gamesa®. Reserva.', 'Licúa la leche y las Galletas Giro de Gamesa® a velocidad media por 3 minutos o hasta obtener una mezcla completamente homogénea. Vierte en un bowl.', 'Agrega los huevos, el extracto de vainilla y la sal, luego mezcla con ayuda de un batidor globo. Reserva.', 'Derrite la mantequilla en una sartén a fuego medio. Posteriormente, sumerge el pan de caja integral en la mezcla de la leche, cubriendo bien de ambos lados. Cocina el pan francés por 3 minutos de cada lado o hasta que esté bien dorado.', 'Mezcla el azúcar con la canela en un bowl y cubre el pan francés perfectamente. Repite el procedimiento hasta terminar con el pan de caja.', 'Sirve el pan francés de chocolate en un plato y decora con chocolate líquido cero azúcar, crema batida baja en grasa y coco rallado.']",https://cdn7.kiwilimon.com/brightcove/9838/9838.jpg
HOT CAKES TRICOLOR,desayunos,6 mins,Baja,4,"['2 paquetes de Galletas Marías Gamesa®, de 170 g', '3 claras de huevo', '1/3 tazas de azúcar', '2 yemas de huevo', '1 taza de leche baja en grasa', '1 cucharada de extracto de vainilla', '2 cucharadas de mantequilla, derretida', '3 cucharaditas de polvo para hornear', '1 taza de harina, tamizada', 'suficiente de colorante en gel verde', 'suficiente de colorante en gel rojo', '1 cucharada de mantequilla, en cubos', 'suficiente de frutos rojos, para decorar', 'suficiente de Galletas Marías Gamesa®, troceada, para decorar']","['Licúa las Galletas Marías Gamesa® por 3 minutos o hasta que queden bien pulverizadas. Reserva.', 'Coloca las claras en un bowl y usa un batidor globo eléctrico o de mano para batir por 3 minutos o hasta que estén a punto de turrón. Posteriormente, añade el azúcar poco a poco y sin dejar de batir, hasta que esté bien integrada. Finalmente, agrega las yemas, la leche baja en grasa, el extracto de vainilla, y la mantequilla.', 'Integrar las Galletas Marías Gamesa® pulverizadas y el polvo para hornear poco a poco. Mezcla de forma envolvente hasta integrar bien, incorpora la harina y revuelve hasta obtener una mezcla homogénea y semiespesa.', 'Divide la mezcla para hot cakes en tres partes iguales, pinta una porción con colorante verde, otra con colorante rojo y deja una porción sin colorante. Disuelve muy bien y reserva.', 'Derrite la mantequilla en una sartén a fuego medio y utilizar un cucharón para verter suficiente mezcla con colorante verde. Cocina el hot cake por 3 minutos de cada lado o hasta que esté bien cocido. Repite el mismo procedimiento hasta terminar con la mezcla roja y la mezcla natural.', 'Monta los hot cakes tricolor en un plato, intercalando los colores y decora con frutos rojos y Galletas Marías Gamesa®.']",https://cdn7.kiwilimon.com/brightcove/9815/9815.jpg
CHILAQUILES RANCHEROS CON CAMARÓN,pescados-y-mariscos,20 mins,Baja,4,"['400 gramos de camarón mediano, pelado y limpio', '1/4 tazas de Marinador mojo de ajo McCormick® en polvo, de 30 g', '2 cucharadas de mantequilla, para los camarones', '6 jitomates, asado, para la salsa', '4 chiles serranos, sin semillas, asado, para la salsa', '2 dientes de ajo, asado, para la salsa', '1/4 cebollas, asada, para la salsa', '1/4 tazas de caldo de pollo, para la salsa', 'suficiente de sal, para la salsa', 'suficiente de pimienta, para la salsa', 'suficiente de aceite vegetal, para sofreír la salsa', '3 tazas de totopos', 'al gusto de crema ácida, para decorar', 'al gusto de queso fresco, para decorar', 'al gusto de cilantro, para decorar']","['Coloca los camarones en un bowl, espolvorea con el Marinador mojo de ajo McCormick® en polvo, agrega 6 cucharadas de agua y deja reposar por 15 minutos.', 'Calienta la mantequilla en una sartén a fuego medio, cocina los camarones por 10 minutos o hasta que comiencen a cambiar de color. Rectifica sazón y reserva.', 'Licúa el jitomate, el chile serrano, el ajo, la cebolla, el caldo de pollo, la sal y la pimienta por 3 minutos o hasta conseguir una mezcla homogénea.', 'Calienta el aceite en una cacerola y vierte la salsa, luego cocina hasta que hierva y retira del fuego. Posteriormente, agrega los totopos e integra los chilaquiles rancheros perfectamente.', 'Sirve los chilaquiles rancheros con camarón en un plato, agrega más camarones encima y decora con crema, queso y cilantro.']",https://cdn7.kiwilimon.com/brightcove/9769/9769.jpg
PASTEL DE SINCRONIZADAS,faciles,20 mins,Baja,4,"['16 tortillas de harina', '400 gramos de jamón de pierna', '12 queso manchego, rebanado', '2 tazas de queso asadero, rallado', '3 jitomates', '1/4 cebollas', '1 chile jalapeño rojo', '1 chile serrano', '1/4 tazas de cilantro, finamente picado', '1/4 tazas de jugo de limón', 'suficiente de sal']","['Coloca una cama de tortillas de harina sobre un refractario, luego cubre con una capa de jamón de pierna, una capa de queso manchego y espolvorea con queso asadero. Posteriormente, cubre con otra capa de tortillas, jamón, queso manchego, queso asadero, tortillas y termina con una capa de queso manchego y asadero.', 'Hornea el pastel de sincronizadas a 180 °C por 20 minutos o hasta que esté bien dorado.', 'Para el pico de gallo: Corta el jitomate en cubos pequeños, pica la cebolla finamente, el chile jalapeño y por último el chile serrano. Coloca en un bowl y mezcla con el cilantro, el jugo de limón y sazona con sal. Mezcla y reserva.', 'Sirve el pastel de sincronizadas en el mismo refractario y decora con el pico de gallo formando pentágonos, como los de un balón. Disfruta caliente.']",https://cdn7.kiwilimon.com/brightcove/9741/9741.jpg
PASTEL DE TAMAL ROJO,platos-fuertes,40 mins,Baja,4,"['6 tazas de harina para tamales, para la masa', '3 tazas de manteca de cerdo, derretida, para la masa', '5 tazas de caldo de pollo, para la masa', 'suficiente de sal, para la masa', '2 cucharadas de aceite vegetal, para la salsa', '1/2 cebollas, en cuartos, para la salsa', '1 diente de ajo, para la salsa', '8 jitomates, en mitades, para la salsa', '2 chiles morita, hidratados, sin semillas, para la salsa', '1/2 tazas de chile chipotle adobado, para la salsa', '1/2 tazas de caldo de pollo, para la salsa', 'suficiente de sal, para la salsa', 'suficiente de pimienta, para la salsa', '1/2 cucharaditas de comino, para la salsa', 'suficiente de hoja de plátano, asadas', '2 tazas de pechuga de pollo, cocida y desmenuzada']","['Mezcla la manteca y la harina de tamal con una batidora de mano, integrando poco a poco y alternando con el caldo de pollo sin dejar de batir. Finalmente, agrega sal. Debes obtener una masa esponjosa y ligera. Reserva.', 'Calienta el aceite en una olla a fuego alto y cocina el ajo, la cebolla, el jitomate, los chiles morita y los chiles chipotle por 5 minutos o hasta que se doren un poco. Retira de la olla y licúa con el consomé de pollo, la sal, la pimienta y el comino por 3 minutos. Regresa al fuego y cocina la salsa por 10 minutos más; debes obtener una salsa espesa.', 'Para formar el pastel de tamal rojo: Coloca una capa de masa de tamal en un refractario, luego añade una capa de salsa roja, agrega una capa de pollo y tapa con más masa de tamal para llenar el molde. Cubre el pastel de tamal con las hojas de plátano asadas y aluminio. Hornea en el Horno de puertas estilo francés Oster® a 180 °C por 40 minutos.', 'Retira el pastel de tamal rojo del horno y sirve en el mismo refractario con mucho cuidado.']",https://cdn7.kiwilimon.com/brightcove/9616/9616.jpg
HUEVOS CON RAJAS EN SALSA ROJA,desayunos,15 mins,Baja,4,"['4 jitomates, asados', '1/4 cebollas, asada', '1 diente de ajo, asado', '1/4 tazas de chile chipotle adobado', '1 taza de caldo de pollo', 'suficiente de sal', 'suficiente de pimienta', 'suficiente de aceite vegetal', '1 taza de cebolla, fileteada', '1 1/2 tazas de rajas poblanas', '7 huevos', 'al gusto de cilantro, finamente picado']","['Licúa los jitomates, la cebolla, el diente de ajo, los chipotles, el caldo de pollo, la sal y la pimienta por 3 minutos. Reserva.', 'Agrega aceite en una cacerola a fuego medio, sofríe la cebolla hasta que esté suave y transparente, agrega las rajas y sofríe por 5 minutos. Posteriormente, bate los huevos, agrégalos, sazona con sal y pimienta y cocina por 5 minutos, sin dejar de mover.', 'Vierte la salsa de chipotle y cocina los huevos a fuego bajo por 10 minutos, rectifica la sazón.', 'Sirve los huevos con rajas en salsa roja en un plato hondo y decora con cilantro.']",https://cdn7.kiwilimon.com/brightcove/9596/9596.jpg
HOT CAKES RELLENOS DE CHOCOLATE,desayunos,20 mins,Baja,2,"['suficiente de agua', '3 tazas de Chispas chocolate semiamargo Hershey’s', '1 1/2 tazas de harina', '1/2 tazas de Cocoa Hershey’s', '1 3/4 tazas de leche entera', '1/2 tazas de azúcar', '1 huevo', '1/4 tazas de mantequilla, derretida', '2 cucharaditas de polvo para hornear', 'suficiente de mantequilla, para cocer los hot cakes', 'suficiente de frambuesa, para decorar', 'suficiente de cerezas, frescas, para decorar', 'suficiente de hoja de menta, para decorar']","['En una ollita calienta a fuego medio suficiente agua sin llegar a la mitad de la olla. Cuando esté caliente, coloca un bowl encima con las Chispas chocolate semiamargo Hershey’s y derrite a baño María por 5 minutos o hasta que estén derretidas por completo, recuerda mover constantemente con ayuda de una espátula para ayudar a que se derrita más fácil y rápido. Retira del fuego y divide en dos bowls, ya que uno será para decorar. Reserva.', 'Para la masa de hot cakes, en un bowl mezcla la harina con la Cocoa Hershey’s, la leche, el azúcar, el huevo, la mantequilla y el polvo para hornear con ayuda de un batidor globo. Mezcla muy bien hasta quitar cualquier grumo y deja reposar por 5 minutos.', 'Para formar los hot cakes, en un sartén de teflón agrega un poco de mantequilla a fuego medio, vierte un cucharon de la mezcla de hot cakes deja cocer 2 minutos, agrega una cucharada en el centro de las Chispas chocolate semiamargo Hershey’s derretido, cubre con un poco de la mezcla de hot cakes y cocina por 5 minutos más. Voltea y termina la cocción por 2 a 4 minutos más. Recuerda que tiene que ser a temperatura media baja para no quemarlos.', 'Para servirlos, coloca en un plato extendido tres hot cakes, baña con un poco del chocolate derretido, decora con las frambuesas, cerezas y hojas de menta.']",https://cdn7.kiwilimon.com/brightcove/9551/9551.jpg
CAFÉ TRES LECHES,bebidas,,Baja,1,"['18 cucharadas de café molido, para preparar en tu Royal prestige® Barista', '9 tazas de agua', '1/4 tazas de leche evaporada', '1/4 tazas de crema para batir', '2 cucharadas de dulce de leche', '1 cucharada de caramelo, líquido', 'suficiente de hielo', 'al gusto de dulces de caramelo, para decorar']","['Agrega el café al Royal Prestige® Barista.', 'Añade agua y tapa con el pistón levantado.', 'Alinea el ícono de calentar con el pico servidor.', 'Abre la válvula y calienta a fuego medio-alto hasta que silbe y retira inmediatamente del fuego.', 'Deja reposar por 2 minutos y empuja el pistón lentamente hasta llegar al fondo.', 'Cierra la válvula, gira al ícono de servir y espera a que se enfríe.', 'Vierte el caramelo líquido en un vaso.', 'Añade el hielo y 1 taza de café frío.', 'Mezcla la leche evaporada, la crema y el dulce de leche en un tazón.', 'Vierte en el vaso.', 'Decora el café tres leches y disfruta.']",https://cdn7.kiwilimon.com/brightcove/9523/9523.jpg
AUTÉNTICAS ENFRIJOLADAS,faciles,1h,Baja,4,"['1 taza de frijol negro', 'suficiente de agua', '1 rama de epazote', '1/4 cebollas', '2 dientes de ajo', 'suficiente de sal', '1 chile chipotle adobado', 'suficiente de aceite', 'suficiente de tortilla', '3 tazas de pollo, cocido y deshebrado', 'suficiente de crema', 'suficiente de queso añejo, desmoronado', 'suficiente de cebolla, fileteada', 'suficiente de aguacate, para decorar, en lajas']","['Para los frijoles: Cocina los frijoles, el agua, el epazote, la cebolla y el ajo en una olla a presión por 50 minutos, contando a partir de que suena la válvula.', 'Una vez listos, se pueden utilizar para las enfrijoladas. Licúalos con un poco de sal y el chile chipotle.', 'Calienta una olla a temperatura media, vierte un poco de aceite y los frijoles molidos y cocina por 5 minutos o hasta que la mezcla se espese un poco. Finalmente, sazona con sal de ser necesario. Reserva.', 'Calienta una sartén, agrega un poco de aceite vegetal y pasa las tortillas por este para que se suavicen; retira el exceso de aceite.', 'Rellena las tortillas con el pollo y báñalas con la salsa de frijol.', 'Decora las enfrijoladas con crema, queso, cebolla morada y aguacate.']",https://cdn7.kiwilimon.com/brightcove/9518/9518.jpg
QUESADILLAS FRITAS DE REQUESÓN A LA MEXICANA,platos-fuertes,20 mins,Baja,4,"['4 tazas de harina de trigo, para la masa', '1 taza de harina de maíz, para la masa', '1/2 tazas de aceite vegetal, para la masa', '1 cucharadita de polvo para hornear, para la masa', '1 cucharadita de sal, para la masa', '1 taza de agua, para la masa', '2 cucharadas de aceite vegetal', '1/2 tazas de cebolla, finamente picada', '1 taza de jitomate, en cubos pequeños', '1/4 tazas de chile jalapeño, en cubos pequeños', '2 tazas de Bionda® requesón', '1 cucharada de epazote, finamente picado', 'suficiente de sal', 'suficiente de pimienta', 'suficiente de aceite en aerosol, para las quesadillas', 'al gusto de lechuga, en tiras delgadas, para decorar', 'al gusto de crema ácida, para decorar', 'al gusto de queso fresco, rallado, para decorar', 'al gusto de salsa roja, para acompañar']","['Usando tus manos, mezcla la harina de maíz, la harina de trigo, el aceite vegetal, el polvo para hornear, la sal y el agua en un bowl, hasta tener una consistencia homogénea. Si la masa está un poco seca, solo agrega más agua poco a poco. Tapa con plástico antiadherente y reserva.', 'Calienta el aceite en una sartén a fuego medio y cocina la cebolla hasta que esté brillante. Posteriormente, agrega el jitomate y el chile, cocina de 5 a 7 minutos o hasta secar un poco el jitomate y que suelte todo su jugo. Cuando esto suceda, agrega Bionda® Requesón y cocina por 7 minutos. Sazona con sal, pimienta y epazote. Reserva.', 'Coloca una bolsita de plástico en una prensa de tortillas para que no se peguen las quesadillas, luego forma una bolita de masa de 5 a 6 cm, coloca en la prensa y aplana como si hicieras una tortilla, pero no tan delgada. Posteriormente, agrega una cucharada del relleno de Bionda® Requesón y cierra, formando la quesadilla, pero asegúrate de cerrar muy bien la orilla para que no se salga el relleno.', 'Precalienta la freidora de aire a 180 °C e introduce de dos a tres quesadillas para no bajar la temperatura y no olvides rociar con aceite en aerosol. Voltea constantemente y cocina por 15 minutos o hasta que estén doradas. Retira de la freidora de aire. Reserva.', 'Sirve las quesadillas fritas de requesón a la mexicana en un plato extendido, decora con lechuga, crema, queso rallado y acompaña con salsa roja.']",https://cdn7.kiwilimon.com/brightcove/9500/9500.jpg
ATOLE DE NARANJA,bebidas,10 mins,Baja,4,"['1 taza de agua, tibia', '1 taza de Mermelada Smucker’s® de naranja', '250 gramos de masa de maíz nixtamalizado, preparada, sin manteca', '2 tazas de agua', '1 taza de leche, tibia', '1 cucharada de cúrcuma', '2 clavos de olor', 'suficiente de naranja, para decorar (en rebanadas)']","[""Vierte el agua tibia y la Mermelada Smucker's® de naranja en un bowl. Posteriormente, disuelve muy bien la mermelada con ayuda de una cuchara."", 'Vierte el agua con la Mermelada Smucker’s® de naranja disuelta en una olla mediana, añade las especias y la cáscara de naranja. Calienta por unos minutos.', 'Vierte la leche tibia en una bowl y agrega la masa de maíz poco a poco, disolviéndola completamente. Una vez disuelta toda la masa, vierte la preparación en la olla que contiene la mezcla del agua con mermelada y especias, mezclando constantemente hasta que la preparación se espese. Retira el atole del calor.', 'Cuela el atole de naranja, sirve en tazas y adorna con una rodaja de naranja.']",https://cdn7.kiwilimon.com/brightcove/9492/9492.jpg
ROSCA DE TAMAL CANARIO,postres,50 mins,Baja,10,"['1 taza de mantequilla, suave, 200 g', '1/2 tazas de azúcar, 100 g', '5 huevos', '500 gramos de Harina de Arroz Tres Estrellas®', '1 1/2 cucharadas de polvo para hornear', '1 cucharada de vainilla líquida', 'suficiente de colorante vegetal amarillo', '2 tazas de pasa', 'suficiente de hoja de maíz, para tamal, hidratadas', 'al gusto de mermelada de piña, para acompañar']","['Bate la mantequilla y el azúcar en un tazón, con una batidora de mano por 3 minutos o hasta que la mezcla esté esponjosa. Posteriormente, agrega las piezas de huevo una por una, hasta incorporar por completo.', 'Integra la Harina de arroz Tres Estrellas®, el polvo para hornear, la vainilla y las pasas. Finalmente, añade un poco de colorante vegetal amarillo e incorpora perfectamente bien los ingredientes con una pala.', 'Vierte la mezcla de tamal canario en un molde de rosca previamente barnizada con mantequilla y espolvoreada con Harina de arroz Tres Estrellas® y extiéndela en el molde. Tapa con las hojas de tamal y cubre con aluminio.', 'Calienta una olla con un poco de agua para crear un efecto vapor dentro de ella, aproximadamente 1/8 de la cantidad total de la olla. Coloca el molde de rosca y cocina a temperatura media-alta por 40 minutos, aproximadamente.', 'Una vez que esté cocida, retira la rosca de tamal y deja enfriar a temperatura ambiente. Cuando esté lista, desmolda.', 'Sirve la rosca de tamal canario y acompaña con mermelada de piña.']",https://cdn7.kiwilimon.com/brightcove/9485/9485.jpg
SÁNDWICH FRITO,desayunos,8 mins,Baja,4,"['8 rebanadas de pan blanco de caja', '1/4 tazas de mayonesa', '8 rebanadas de jamón de pierna, o de pavo', '4 rebanadas de queso manchego', '1 taza de queso Gouda, rallado', '1/2 tazas de queso amarillo líquido, ideal para nachos', '3 huevos, batido, para el rebozado', '2 tazas de pan molido, para empanizar', 'suficiente de aceite vegetal, para freír', 'al gusto de mix de verduras, apio, zanahoria, pepino; para acompañar']","['Unta una rebanada de pan blanco con mayonesa, cubriendo la superficie por completo.', 'Agrega el jamón en rebanadas, el queso manchego, el queso gouda y el queso amarillo líquido al gusto. Posteriormente, coloca una segunda rebanada de pan y sella muy bien el sándwich con palillos, para evitar que se mueva.', 'Cubre el pan con huevo y espolvorea con el pan molido, pues las paredes deben quedar completamente empanizadas. Presiona con las manos para asegurar que el pan se adhiera al sándwich.', 'Fríe el sándwich en una sartén con suficiente aceite caliente hasta que esté bien doradito. Una vez listo, escurre el sándwich frito sobre papel absorbente y retira los palillos.', 'Corta el sándwich frito inmediatamente, sirve caliente y acompaña con un mix de verduras.']",https://cdn7.kiwilimon.com/brightcove/9483/9483.jpg
TLACOYOS DE PAPA CON REQUESÓN,platos-fuertes,20 mins,Baja,4,"['suficiente de agua', '2 tazas de papa, en cubos medianos, sin cáscara', 'suficiente de sal, para cocer la papa', '2 cucharadas de aceite vegetal', '1/4 tazas de cebolla, finamente picada', '2 tazas de Bionda® requesón', '1 cucharada de epazote, finamente picado', 'suficiente de sal', 'suficiente de pimienta', '1 kilo de masa de maíz para tortillas', '1 cucharada de manteca de cerdo, para la masa', '1 cucharadita de polvo para hornear, para la masa', 'suficiente de sal, para la masa', 'suficiente de pimienta, para la masa', 'al gusto de ensalada de nopal, para acompañar', 'al gusto de salsa roja, para acompañar']","['Calienta suficiente agua en una olla a fuego medio, luego agrega las papas, suficiente sal y cocina por 20 minutos o hasta que estén suaves. Retira las papas del agua y reserva.', 'Calienta el aceite en una sartén y cocina la cebolla por 2 minutos, después agrega las papas y aplasta muy bien hasta formar un puré. Finalmente, agrega Bionda® Requesón, epazote y sazona con sal y pimienta. Cocina por 5 minutos más.', 'Mezcla la masa con la manteca, el polvo para hornear, la sal y el agua con tus manos, hasta obtener una masa homogénea e hidratada. Forma una bolita alargada del tamaño de tus manos, haz un huequito en el centro de la bolita, añade una cucharada del relleno de Bionda® Requesón y cierra con la masa, tapando todo el relleno. Aplana con tus manos hasta formar el tlacoyo.', 'Cocina los tlacoyos de papa con requesón en una plancha por 12 minutos o hasta que se asen y queden doraditos.', 'Sirve dos tlacoyos de papa con requesón en un plato extendido, agrega ensalada de nopal, un poco de Bionda® Requesón y hojas de cilantro, acompaña con salsa roja.']",https://cdn7.kiwilimon.com/brightcove/9465/9465.jpg
BANDERILLAS DE TOCINO CON HARINA DE HOT CAKES,botanas,5 mins,Baja,4,"['8 rebanadas de tocino ahumado', 'suficiente de Mermelada Smucker’s® de fresa, para glasear', '2 cucharadas de Mermelada Smucker’s® de fresa, para la masa de hot cakes', '1 taza de harina para hot cakes, para la masa', '1/2 cucharaditas de polvo para hornear, para la masa de hot cakes', '1 huevo, para la masa de hot cakes', '2 cucharadas de mantequilla, derretida, para la masa de hot cakes', '3/4 tazas de leche, para la masa de hot cakes', 'suficiente de harina para hot cakes, para las tiras de tocino', 'suficiente de aceite vegetal, para freír', 'al gusto de fresa, para acompañar', 'al gusto de frambuesa, para acompañar']","[""Inserta un palillo de madera en las rebanadas de tocino y procura atravesar toda la rebanada. Coloca las tiras de tocino sobre una charola y con ayuda de una brocha, cubre con Mermelada Smucker's® de fresa. Hornea el tocino a 190 °C de 15 a 20 minutos o hasta que quede doradito y se caramelice. Deja enfriar y reserva."", ""Para la masa de hot cakes: Mezcla la Mermelada Smucker's® de fresa con la harina para hot cakes en un bowl, el polvo para hornear, el huevo, la mantequilla derretida y la leche. Bate hasta deshacer los grumos"", 'Cubre las tiras de tocino con la harina para hot cakes para retirar el exceso de grasa. Posteriormente, cubre las tiras de tocino con la mezcla de harina de hot cakes por completo.', 'Calienta el aceite en una sartén profunda y fríe las banderillas de tocino por 8 minutos, después colócalas sobre papel absorbente para retirar el exceso de aceite.', ""Sirve las banderillas de tocino con harina de hot cakes y acompaña con Mermelada Smucker's® de fresa.""]",https://cdn7.kiwilimon.com/brightcove/9456/9456.jpg
PAN FRANCÉS FÁCIL,desayunos,5 mins,Baja,2,"['1 taza de leche de vaca', '2 huevos', '1 cucharadita de esencia de vainilla', '1/2 cucharaditas de nuez moscada', '2 cucharadas de canela', '4 rebanadas de pan de caja, rebanadas gruesas', '3 cucharadas de mantequilla', '1 taza de azúcar mascabado', '1 taza de fruto rojo, para decorar', '1/4 tazas de azúcar glass, para decorar', '1/2 tazas de miel de maple, para decorar']","['En un bowl mezcla el huevo con la leche, la esencia de vainilla y la nuez moscada.', 'Combina en un plato el azúcar mascabado con la canela. Reserva.', 'Remoja el pan en la mezcla de huevo por ambos lados hasta que esté completamente hidratado.', 'En un sartén a temperatura media, derrite la mantequilla, cocina los panes hasta dorar, alrededor de 5 minutos. Esto puede variar dependiendo el grosor de tu pan.', 'Retira los panes del sartén y espolvorea con la mezcla de azúcar y canela.', 'Sirve con los frutos rojos, el azúcar glass y la miel maple. Disfruta.']",https://cdn7.kiwilimon.com/brightcove/5061/5061.jpg
QUESADILLAS DE CLARAS CON POLLO AL CHIPOTLE,desayunos,10 mins,Baja,4,"['2 tazas de Clara De Huevo San Juan®, 500 ml', '1 taza de harina de maíz, nixtamalizada, para tortillas', '1/4 tazas de epazote, finamente picado', 'suficiente de sal', '2 cucharadas de aceite vegetal', '1 taza de cebolla, fileteada', '3 tazas de pollo, cocido y deshebrado', '1/3 tazas de chile chipotle, molido', '1 taza de jitomate, molido', '1/2 tazas de crema ácida', 'suficiente de sal', 'suficiente de pimienta', 'suficiente de aceite en aerosol, para las tortillas', 'al gusto de queso cotija, rallado, para acompañar', 'al gusto de cebolla morada, finamente picada, para acompañar', 'al gusto de hoja de cilantro, para acompañar', 'al gusto de salsa verde, para acompañar']","['Mezcla las Claras de Huevo San Juan® con la harina de maíz nixtamalizada y sazona con epazote y sal. Revuelve con ayuda de un batidor globo hasta que la mezcla se incorpore perfectamente y deja reposar mientras preparas el pollo.', 'Para el pollo: calienta una sartén con aceite vegetal y sofríe la cebolla por 2 minutos, agrega el pollo y cocina por 3 minutos más. Posteriormente, vierte el chipotle molido, el jitomate molido, la crema ácida y sazona con sal y pimienta. Deja reducir el líquido por aproximadamente 8 minutos y mueve constantemente para que no se pegue en el fondo de la sartén. Una vez listo el pollo al chipotle, retira y reserva.', 'Calienta una sartén antiadherente chica, agrega un poco de aceite en aerosol para evitar que se pegue y vierte un cucharón de la mezcla de claras, extiende en la sartén y cocina por 2 minutos o hasta que la orilla comience a cocinarse, entonces voltea la tortilla para que se termine de cocinar, recuerda que la flama debe de estar baja. Voltea la tortilla una vez lista y termina de cocinar en sartén.', 'Rellena las tortillas de clara con el pollo al chipotle, agrega el queso rallado, la cebolla morada y acompaña con suficiente salsa verde.']",https://cdn7.kiwilimon.com/brightcove/9413/9413.jpg
HOTCAKES DE PAY DE LIMÓN,desayunos,5 mins,Baja,4,"['1 taza de harina', '3/4 tazas de galletas de vainilla, molidas', '2 cucharadas de leche condensada', '1 cucharadita de polvo para hornear', '1/2 cucharaditas de bicarbonato', '1 taza de leche evaporada', '1/2 tazas de jugo de limón', '1 cucharadita de ralladura de limón', '3 cucharadas de mantequilla, derretida', '2 huevos', 'suficiente de aceite en aerosol', 'suficiente de crema batida, para acompañar', 'suficiente de leche condensada, para acompañar', 'suficiente de ralladura de limón, para decorar']","['Mezcla la harina, las galletas molidas, la leche condensada, el polvo para hornear, el bicarbonato, la leche evaporada, el jugo de limón, la ralladura de limón, la mantequilla derretida y el huevo en un tazón.', 'Aparte, calienta una sartén pequeña a temperatura media, rocía un poco de aceite vegetal y vierte un poco de la mezcla. Cocina los hotcakes por 4-5 minutos, aproximadamente. Repite el proceso hasta terminar con la mezcla.', 'Sirve los hotcakes de pay de limón con un poco de crema batida y leche condensada y decora con ralladura de limón.']",https://cdn7.kiwilimon.com/brightcove/9354/9354.jpg
CREPAS SUIZAS,platos-fuertes,20 mins,Baja,8,"['5 chiles poblanos, sin venas, sin semillas, asados y sin piel, para la salsa', '1/4 cebollas, para la salsa', '1 diente de ajo, para la salsa', '1/4 manojos de cilantro, lavado, para la salsa', '1 taza de crema ácida, para la salsa', '1/2 tazas de caldo de pollo, para la salsa', 'suficiente de sal, para la salsa', '1 cucharada de mantequilla, en cubos, para la salsa', '2 huevos, para la mezcla de crepas', '2 tazas de harina, para la mezcla de crepas', '1 1/2 tazas de leche, para la mezcla de crepas', '1 cucharadita de sal, para la mezcla de crepas', '1 cucharada de azúcar, para la mezcla de crepas', '1/3 tazas de mantequilla, derretida, para la mezcla de crepas', 'suficiente de aceite en aerosol, para las crepas', '2 tazas de pechuga de pollo, cocida y deshebrada', '2 tazas de queso manchego, rallado', '1 rama de cilantro, para decorar']","['Para la salsa: licúa el chile poblano, la cebolla, el ajo, el cilantro, la crema ácida, el caldo de pollo y suficiente sal hasta integrar muy bien. Derrite la mantequilla en una olla a fuego medio y vierte la salsa. Posteriormente, cocina la salsa por 10 minutos, moviendo constantemente hasta que se espese ligeramente. Reserva.', '¡Prepara la masa para crepas! Licúa los huevos, la harina, la leche, la sal, el azúcar y la mantequilla hasta integrar muy bien.', 'Calienta un sartén crepero o una sartén antiadherente del tamaño que desees tus crepas. Engrasa con aceite en aerosol, vierte un poco de la mezcla de crepas y mueve hasta cubrir la superficie de la sartén por completo, ya que te deberá de quedar lo más delgada posible.\n\nCocina las crepas a fuego medio bajo por al menos 2 minutos. Voltea y cocina 45 segundos más. Repite hasta terminar con la masa para crepas.', 'Rellena las crepas con el pollo desmenuzado, haciendo un doblez en forma de abanico. Posteriormente, acomoda las crepas en un refractario rectangular apto para hornear, baña las crepas con la salsa y cubre con queso manchego. Gratina las crepas suizas a 180 °C por 10 minutos.', 'Saca las crepas suizas del horno, decora con hojas de cilantro y a disfrutar. Si así lo deseas, también puedes añadir cebolla para servir las crepas saladas.']",https://cdn7.kiwilimon.com/brightcove/9305/9305.jpg
ENCHILADAS POTOSINAS,desayunos,,Baja,6,"['75 gramos de chile ancho, desvenados y sin semillas', '1 taza de agua', '1 cucharada de mantequilla', '1/4 tazas de cebolla, finamente picada', '1 1/4 tazas de queso fresco', '1/2 kilos de masa de maíz', '1 pizca de sal', 'aceites', 'crema']","['Desvenar los chiles y retirar las semillas, asarlos y dejarlos remojando en agua caliente durante 25 minutos.', 'Hacerlos puré en un procesador de alimentos con 1/2 taza de agua en la que se remojaron.', 'Derretir la mantequilla en un sartén chico y agregar la cebolla. Saltear hasta que se dore.', 'Retirar del fuego y mezclar con el queso. Agregar 1 cucharada de los chiles molidos, mezclar.', 'Poner la masa de maíz en un recipiente y agregue el resto de los chiles molidos y la sal.', 'Amasar durante 5 minutos hasta que los ingredientes estén totalmente mezclados. Cubrir con un trapo húmedo y dejar reposar por 20 minutos.', 'Tome bolitas de masa y ponga entre dos plásticos en un prensador de tortillas. Aplane y haga tortillas. Coloque un poco de la mezcla de queso en el centro de cada tortilla y doble la tortilla por la mitad. Presione los bordes para que se sellen.', 'Repita con el resto de la masa y el relleno.', 'Caliente un comal y ase las enchiladas por 2-3 minutos de cada lado. La masa debe de cambiar de color y verse cocida.', 'Rellene un sartén con 1 cm de aceite para freír y ponga 2-3 enchiladas para que se frían por 3-4 minutos de cada lado.', 'Deje escurrir sobre una toalla de papel.', 'Acompañe con crema y frijoles.']",https://cdn7.kiwilimon.com/brightcove/842/842.jpg
ENCHILADAS SUIZAS CON POLLO,carnes-y-aves,,Baja,4,"['1 kilo de tomate verde, de fresilla', '1 cebolla', '4 suficiente de cuadrito de caldo de pollo concentrado', '1/2 litros de leche de vaca', 'manojos de cilantro fresco', '30 tortillas de maíz, delgadas', '2 pechugas de pollo, cocidas y en tiritas', '10 rebanadas de queso manchego, o chihuahua', 'fríjoles refritos']","['En una olla cocer el tomatillo pero tener cuidado porque ya que hierve el agua les tienes que apagar para que no se amarguen.', 'Dorar la cebolla en un sartén con aceite hasta que este traslucida. Sacar la cebolla, y en una licuadora licuarla junto con el cilantro, y tomatillo.', 'En el mismo sartén de la cebolla, vaciar todo de la licuadora e incorporar la leche hasta que se haga una salsa espesa.', 'Envuelves pollo en tiritas en las tortillas (las puedes pasar por aceite primero) y formas un taquito. Las colocas en un refractario engrasado.', 'Repites el paso anterior con el resto de las tortillas, las bañas en la salsa verde y les pones rebanadas de queso manchego encima.', 'Las metes al horno a 180 grados por 15 minutos a gratinar y calentar.']",https://cdn7.kiwilimon.com/brightcove/612/612.jpg
HUEVO CON EJOTES EN SALSA DE PASILLA,desayunos,20 mins,Baja,4,"['suficiente de agua', '1 cucharada de sal', '2 tazas de ejote, sin puntas', 'suficiente de aceite vegetal', '6 huevos', 'suficiente de sal', 'suficiente de pimienta', '4 chiles pasilla, hidratados', '1/4 cebollas, asada', '2 dientes de ajo, asados', '4 tomates verdes, asado', '1 taza de caldo de verduras', 'suficiente de tortillas de maíz, para acompañar']","['Calienta agua en una olla hasta que hierva, luego añade la sal y los ejotes y cocina por 30 segundos, retira y escurre inmediatamente. Reserva.', 'Para la salsa: licúa el chile pasilla, la cebolla, el ajo, los tomates y el caldo de verduras, después sazona con sal.', 'Calienta una sartén a temperatura media, agrega aceite vegetal y los ejotes, cocina por 2 minutos.', 'Acerca el bowl donde tienes el huevo, bátelo con un tenedor y viértelo de inmediato. Cocina por 5 minutos, agrega la salsa de chile pasilla y termina de cocinar.', 'Acompaña el huevo con ejotes en salsa de pasilla con tortillas calientitas.']",https://cdn7.kiwilimon.com/brightcove/9228/9228.jpg
HUEVO A LA MEXICANA CON CHILORIO,desayunos,20 mins,Baja,10,"['2 cucharadas de aceite vegetal', '1/2 tazas de cebolla, finamente picada', '1/2 tazas de jitomate, finamente picado', '1/4 tazas de chile serrano, finamente picado', '1 taza de chilorio', '5 huevos', 'suficiente de sal', 'suficiente de pimienta', 'suficiente de tortillas de harina, para acompañar', 'suficiente de guacamole, para acompañar']","['Calienta el aceite en una sartén a fuego medio, luego sofríe la cebolla hasta que cambie ligeramente de color, agrega el jitomate, el chile serrano y cocina por 2 minutos más. Posteriormente, agrega el chilorio y sofríe por 5 minutos.', 'En la misma sartén haz a un lado el chilorio, agrega los huevos, sazona con sal y pimienta y cocina por 5 minutos más. Mezcla con el chilorio y cocina a fuego bajo por 5 minutos. Reserva.', 'Sirve el huevo a la mexicana con chilorio con tortillas calientitas y guacamole.']",https://cdn7.kiwilimon.com/brightcove/9205/9205.jpg
MIGAS DE CHORIZO Y HUEVO,desayunos,15 mins,Baja,6,"['4 panes, puede ser bolillo o de caja', 'suficiente de aceite vegetal, para freír', '1/4 tazas de cebolla, finamente picada', '1 cucharadita de ajo, finamente picado', '1 taza de longaniza, en cubitos', '1/2 tazas de pimiento verde, en cubitos', '1/2 tazas de pimiento amarillo, en cubitos', '4 huevos', 'suficiente de sal, para el huevo', 'suficiente de pimienta, para el huevo', '1 taza de Tomates Molidos Del Fuerte® Origen', '1/4 tazas de queso fresco, rallado, para decorars', 'suficiente de perejil, solo hojas, para decorar', '1 aguacate, en rebanadas, para decorar']","['Coloca el pan sobre una superficie plana y limpia, corta en cubitos con ayuda de un cuchillo de sierra, agrega a un bowl y reserva.', 'Calienta el aceite en una sartén a fuego medio y agrega la cebolla y el ajo. Una vez que la cebolla esté transparente añade la longaniza, cocina por 5 minutos y posteriormente agrega el pimiento verde y amarillo, incorporando muy bien.', 'Agrega los huevos en un bowl, luego sazona con sal y pimienta y revuelve perfectamente con un batidor de globo, luego añade a la preparación junto con el pan, cocina por 5 minutos, hasta que el huevo esté tierno. Posteriormente, vierte los Tomates Molidos Del Fuerte Origen®, mezcla muy bien y rectifica la sazón. Cocina las migas hasta que los Tomates Molidos Del Fuerte Origen® se hayan consumido en la preparación.', 'Sirve las migas de chorizo y huevo en un plato y decora con queso fresco, perejil y aguacate.']",https://cdn7.kiwilimon.com/brightcove/9159/9159.jpg
RECETA DE TORTILLA ESPAÑOLA,desayunos,26 mins,Baja,4,"['1 taza de aceite de oliva, para cocer las papas', '3 papas, en rebanadas de medio centímetro', '1 taza de cebolla, en tiras delgadas', '9 huevos', 'pizcas de sal', 'suficiente de pimienta', 'suficiente de aceite de oliva']","['Agrega el aceite de oliva en una sartén y cuando esté caliente a fuego medio, será hora de agregar las papas y la cebolla. Cocina a fuego medio bajo por 6 minutos. Mueve las papas y cocina a fuego medio por 5 minutos más. Retira del aceite y reserva.', 'Mezcla los huevos, la sal y la pimienta en un bowl con un batidor globo. Agrega las papas previamente cocidas y mezcla usando una pala. Reserva.', 'Agrega un poco de aceite en una sartén y vierte la mezcla de huevo y papas. Cocina a fuego bajo por 10 minutos y tapa la sartén. Voltea la tortilla de patatas usando un plato, después agrega un poco más de aceite de oliva y regresa a la sartén con la parte no cocida hacia abajo. Tapa la sartén, cocina por otros 5 minutos y retira del fuego.', 'Sirve la tortilla española en un plato extendido y acompaña con pan, ¡disfruta!']",https://cdn7.kiwilimon.com/brightcove/9152/9152.jpg
ENCHILADAS ROJAS DE POLLO,desayunos,15 mins,Baja,4,"['500 gramos de jitomate', '1/4 cebollas', '1 diente de ajo', '3 chiles de árbol', '1/2 tazas de agua', '12 tortillas de maíz, fritas', '5 gramos de pimienta', 'pizcas de sal', '1 rama de cilantro fresco, lavado y desinfectado', '1/2 pechugas de pollo, cocida y deshebrada', '5 hojas de lechuga, fileteada', '150 mililitros de crema ácida', '200 gramos de queso fresco']","['Licúa el jitomate,la cebolla,el ajo,los chiles y el agua hasta obtener una consistencia líquida.', 'Cuela la salsa,fríela en una sartén y sazona con sal y pimienta.', 'Remoja las tortillas en la salsa, rellena cada tortilla con pollo y salsea.', 'Decora las enchiladas con lechuga,crema ácida y queso.Ofrece.']",https://cdn7.kiwilimon.com/brightcove/956/956.jpg
ENCHILADAS VERDES,carnes-y-aves,,Alta,5,"['1/2 kilos de pechuga de pollo, o maciza de cerdo', '1/2 cebollas', '2 chiles serranos', '7 tomates verdes', '1 diente de ajo', '1 rama de cilantro fresco, desinfectado', '1 lechuga orejona', '1 queso fresco', '16 tortillas', 'aceite vegetal', '1 pizca de sal', '1/4 tazas de crema ácida']","['Cuece el pollo con la cebolla y la sal en agua hirviendo. Cuando esté cocida deja que enfríe un poco y desmenúzalo.', 'En una olla aparte, cuece los tomates y los chiles serranos durante 5 minutos en agua hirviendo.', 'En la licuadora, licua los tomates hervidos, los chiles serranos, los chiles poblanos, el ajo, el cilantro y sazona con sal.', 'Calienta un poco de aceite en una sartén, y por éste, pasa las tortillas (que deben estar recién hechas, o recién recalentadas) por los dos lados. Rellénala con el pollo (1 o 2 cucharadas serán suficientes) y enróllalas. Ve acomodándolas en los platos en las que servirás las enchiladas. Sirve un poco de salsa sobre las enchiladas.', 'Por último, adorna con la lechuga, el queso fresco desmoronado o rallado, cebolla, cilantro y crema al gusto.']",https://cdn7.kiwilimon.com/brightcove/4045/4045.jpg
PANCAKES RELLENOS DE MERMELADA,desayunos,24 mins,Baja,2,"['2 tazas de Pancakes Buttermilk Betty Crocker®, presentación de 453g gramos', '1 1/3 tazas de leche', 'suficiente de Mermelada McCormick® Fresa', '2 tazas de chocolate blanco', '1 taza de crema para batir', '1/2 tazas de fresa, en cubos pequeños', 'suficiente de fresa, para decorar']","['Mezcla Pancakes Buttermilk Betty Crocker® y la leche con un batidor globo por 5 minutos, hasta que no haya grumos y tenga una consistencia espesa.', 'Calienta una sartén a fuego medio, vierte la mezcla con un cucharón, luego agrega una cucharada de Mermelada McCormick® Fresa y cubre con un poco más de mezcla de pancakes; deja cocinar a temperatura media. Cuando empiecen a salir burbujas en el pancake, voltea con cuidado. Deja cocinar por 4 minutos más o hasta que quede muy esponjoso y retira del sartén. Repite esto hasta terminar con la mezcla.', 'Para la ganache: mezcla el chocolate blanco y la crema para batir en un recipiente apto para horno de microondas. Calienta en el microondas por aproximadamente 1 min en periodos de 30 segundos. Mezcla hasta que todo esté completamente integrado y con una textura cremosa, después agrega las fresas y mezcla con ayuda de una espátula. Reserva.', 'Coloca 3 pancakes rellenos de mermelada en torre sobre un plato extendido y decora con el ganache cremoso y fresas frescas.']",https://cdn7.kiwilimon.com/brightcove/9095/9095.jpg
AVENA ESTILO ARROZ CON LECHE,desayunos,20 mins,Baja,6,"['4 tazas de leche entera', '1 taza de leche condensada', '1 cucharada de esencia de vainilla', 'suficiente de ralladura de limón', '1/2 rajas de canela', '2 1/2 tazas de avena', 'suficiente de canela en polvo, para decorar', 'suficiente de nuez pecana, picada, para decorar']","['Vierte la leche, la leche condensada y la esencia de vainilla en una cacerola a fuego medio, luego mezcla para integrar muy bien y una vez que comience a calentarse, añade la ralladura de limón y la raja de canela. Baja la temperatura, agrega la avena e integra muy bien. Cocina la avena por 15 minutos o hasta que se espese. Retira del fuego.', 'Sirve la avena estilo arroz con leche en vasitos individuales y acompaña con canela en polvo y nuez picada, ¡te va a encantar!']",https://cdn7.kiwilimon.com/brightcove/9063/9063.jpg
CHILAQUILES ENCHORIZADOS,desayunos,40 mins,Baja,4,"['8 chiles guajillos, remojados y sin semillas, para la salsa', '4 jitomates, asado, para la salsa', '1/2 cebollas, asada, para la salsa', '2 dientes de ajo, asado, para la salsa', '1 cucharadita de pimienta negra entera, para la salsa', '1 cucharadita de clavo, para la salsa', '1 taza de caldo de pollo, para la salsa', '2 cucharadas de aceite vegetal', '1/2 tazas de cebolla, finamente picada', '2 tazas de chorizo, para la salsa', 'suficiente de sal', 'suficiente de pimienta', '4 tazas de totopos', '1 taza de queso Oaxaca, rallado', 'al gusto de crema, para acompañar', 'al gusto de cebolla, finamente picada, para decorar', 'al gusto de cilantro, finamente picado, para decorar']","['Para la salsa: licúa los chiles, el jitomate, la cebolla, el ajo, la pimienta negra y el clavo. Reserva.', 'Calienta el aceite en una cacerola a fuego medio, luego cocina la cebolla por 2 minutos, agrega el chorizo, cocina por 8 minutos o hasta que esté bien cocido. Posteriormente, vierte la salsa, la sal, la pimienta, mueve perfectamente para mezclar todo y cocina por 5 minutos más. Reserva.', 'Coloca los totopos en un refractario, báñalos con la salsa de chorizo, agrega el queso Oaxaca y hornea a 180 °C por 5 minutos o hasta que el queso se gratine.', 'Decora los chilaquiles enchorizados con crema, cebolla y cilantro.']",https://cdn7.kiwilimon.com/brightcove/9026/9026.jpg
HOT CAKES DE ELOTE,desayunos,10 mins,Baja,10,"['2 tazas de leche', '1 taza de grano de elote amarillo', '2 huevos', '1/4 tazas de mantequilla, derretida', '2 tazas de harina de trigo', '1 cucharada de polvo para hornear', 'suficiente de mantequilla, para el sartén', 'suficiente de leche condensada, para decorar', 'suficiente de grano de elote amarillo, para decorar']","['Licúa la leche y el elote por 5 minutos o hasta que el elote esté bien molido e integrado con la leche.', 'Coloca la harina, la mezcla anterior de leche con elote, el huevo, la mantequilla y el polvo para hornear en un bowl, luego mezcla con un batidor globo por 5 minutos o hasta obtener una mezcla homogénea.', 'Calienta un sartén a fuego medio y añade un poco de mantequilla para engrasar, después vierte ¼ de taza de la mezcla y cocina el hot cake de elote durante 3 minutos de cada lado, voltea cuando se comiencen a formar burbujas y retira cuando esté doradito de cada lado.', 'Sirve los hot cakes de elote en un plato extendido y decora con leche condensada y granos de elote.']",https://cdn7.kiwilimon.com/brightcove/9025/9025.jpg
OMELETTE DE CLARAS CON VERDURAS,desayunos,15 mins,Baja,2,"['1 cucharada de aceite de oliva', '6 claras de huevo', '1/4 tazas de crema light', '1/4 tazas de calabacita, cortada en cubitos', '1/4 tazas de pimiento rojo, finamente picado', '1/4 tazas de pimiento amarillo, finamente picado', '1/4 tazas de brócoli, finamente picado', '1/4 cebollas, finamente picada', 'pizcas de sal', 'al gusto de pimienta', '3 tomates verdes, para la salsa', '1/4 cebollas, para la salsa', '1 diente de ajo, para la salsa', '3 chiles serranos, para la salsa']","['Bate las claras con la crema y agrega la calabaza, el pimiento rojo, el pimiento amarillo, el brócoli y la cebolla. Sazona con sal y pimienta.', 'En una sartén a fuego medio calienta el aceite, vierte las claras y cocina por 3 minutos de cada lado.', 'Asa los tomates, la cebolla, el ajo y el chile serrano. Luego muele en un molcajete con sal y pimienta.', 'Sirve el omelette acompañado de salsa verde.']",https://cdn7.kiwilimon.com/brightcove/6264/6264.jpg
CAZUELA DE TAMAL VERDE,platos-fuertes,30 mins,Baja,6,"['suficiente de agua, para la salsa', 'suficiente de sal de grano, para la salsa', '500 gramos de tomate verde, para la salsa', '3 chiles serranos, para la salsa', '1/2 cebollas, para la salsa', '1 diente de ajo, para la salsa', '1/2 manojos de cilantro, para la salsa', 'suficiente de sal, para la salsa', '2 cucharadas de aceite vegetal, para la salsa', 'suficiente de pimienta, para la salsa', '500 gramos de manteca de cerdo, para la masa', '1 cucharadita de polvo para hornear, para la masa', '1 cucharada de sal, para la masa', '800 gramos de harina para tamales, para la masa', '2 tazas de caldo de pollo, para la masa', 'suficiente de hoja de maíz, para hacer el tamal', '500 gramos de pechuga de pollo, cocida y desmenuzada', '1 taza de queso manchego, rallado']","['Para la salsa verde: cocina el tomate y los chiles en una olla con agua y sal de grano a fuego medio por 8 minutos. Cuando los ingredientes estén cocidos, retira el agua y licúa con la cebolla, el ajo, el cilantro y la sal. Calienta el aceite en una olla a fuego medio, cocina la salsa por 5 minutos y sazona con pimienta. Reserva.', 'Suaviza la manteca con una batidora eléctrica de mano por 5 minutos, o bien, hasta que cambie de color, luego agrega el polvo para hornear, la sal, la harina para tamal y vierte el caldo de pollo poco a poco. Posteriormente, continúa batiendo hasta obtener una masa consistente y cuida que no quede aguada.', 'Coloca hojas de maíz en un refractario previamente engrasado, después vierte una capa de la masa y luego una capa de salsa verde y una capa de pollo. Cubre con más masa y tapa con papel aluminio. Hornea la cazuela de tamal a 180° por 45 minutos, o bien, hasta que esté cocida la masa. Recuerda que para que el tamal no pierda humedad, deberás colocar un refractario u olla con agua en el horno.', 'Saca la cazuela de tamal verde del horno, retira el aluminio y coloca el queso encima. Hornea por 15 minutos más o hasta que el queso se derrita y quede doradito. Sirve directo del refractario y baña el tamal con un poco más de salsa, si así lo deseas.']",https://cdn7.kiwilimon.com/brightcove/9020/9020.jpg
CACEROLA DE BURRITOS,desayunos,25 mins,Baja,8,"['2 cucharadas de aceite vegetal', '1/2 tazas de cebolla, finamente picada', '1/2 tazas de jitomate, finamente picado', '1 taza de chorizo', '8 huevos', '8 tortillas de harina burrera', '2 tazas de frijoles refritos', '1/4 tazas de mantequilla, derretida', '2 tazas de queso, rallado', 'al gusto de cilantro, finamente picado, para decorar']","['Calienta el aceite en una sartén a fuego medio y cocina la cebolla por 5 minutos, luego agrega el jitomate, el chorizo y continúa cocinando por 10 minutos. Finalmente, vierte el huevo y cocina por 10 minutos más, o bien, hasta que esté bien cocido.', 'Extiende las tortillas de harina y unta los frijoles, después agrega el huevo con chorizo y cierra el burrito por los costados. Enrolla apretando muy bien para que el relleno no se salga y ve acomodándolos en un refractario. Reserva.', 'Barniza los burritos para el desayuno con mantequilla, cubre con queso y gratina en el horno a 180 °C por 10 minutos o hasta que el queso esté dorado.', 'Decora la cacerola de burritos con cilantro finamente picado.']",https://cdn7.kiwilimon.com/brightcove/8929/8929.jpg
GALLETAS DE AVENA FÁCILES,postres,18 mins,Baja,4,"['2 tazas de harina, 250 g', '1 cucharadita de bicarbonato, 4 g', '1 cucharadita de canela en polvo, 4 g', '1/4 cucharaditas de sal, 3 g', '1 1/8 tazas de mantequilla sin sal, en cubos y a temperatura ambiente, 230 g', '1/2 tazas de azúcar mascabado, 90 g', '1/2 tazas de azúcar refinada, 100 g', '2 huevos, grandes, a temperatura ambiente, 120 g', '1 cucharadita de esencia de vainilla, 5 ml', '2 tazas de avena, 200 g', '1/2 tazas de arándano deshidratado, 75 g', '1/4 tazas de coco, rallado, 25 g', '1/4 tazas de nuez pecana, picado, 25 g', '1/4 tazas de pasa, 38 g']","['Precalienta el horno a 180 °C. Engrasa las charolas para hornear con mantequilla, cubre con papel pergamino o papel para hornear y reserva.', 'Cierne la harina junto con el bicarbonato de sodio en un tazón mediano, después agrega la canela en polvo y la sal. Mezcla todos los ingredientes con una palita hasta integrar.', 'Mezcla la mantequilla, el azúcar mascabado y el azúcar con una batidora a velocidad media, hasta obtener una consistencia suave y esponjosa; esto tardará entre 3 y 6 minutos.', 'Agrega una a una las piezas de huevo y la esencia de vainilla. Asegúrate de raspar los bordes del tazón con una espátula y mezclar antes de cada adición.', 'Integra la mezcla de harina poco a poco y sigue batiendo a velocidad baja, asegúrate de que los ingredientes comiencen a combinarse. Una vez que tengas una mezcla homogénea, integra el arándano seco, el coco rallado, la nuez y las pasas a velocidad baja. Una vez lista la masa de galletas, refrigera durante 15 minutos.', 'Toma una porción de la masa del tamaño de una pelota de ping-pong con tus manos limpias o con una cuchara para helados, luego aplasta la bolita con tu otra mano y dale forma de galleta. Coloca las galletas de avena en una charola con papel encerado, otorgándoles suficiente espacio, pues tus galletas se extenderán. Hornea a 180 °C por 18 minutos. Una vez que salgan del horno, déjalas enfriar antes de disfrutar.']",https://cdn7.kiwilimon.com/brightcove/8926/8926.jpg
SÁNDWICH DE CALABACITA CON JAMÓN Y QUESO,platos-fuertes,20 mins,Baja,6,"['3 calabacitas, cortada en láminas de 5 mm de ancho', 'suficiente de agua', 'suficiente de agua, para cortar la cocción', 'suficiente de hielo, para cortar la cocción', '2 tazas de queso manchego, light rebanado', '2 tazas de jamón de pavo, rebanado', 'pizcas de sal', 'suficiente de pimienta', '1/2 tazas de mayonesa, reducida en grasa para el aderezo', '1/2 tazas de cátsup, reducida en azúcar para el aderezo', '1/2 tazas de crema, reducida en grasa para el aderezo']","['Calienta el agua en una olla a temperatura media hasta que hierva, después cocina ahí las láminas de calabaza por 4 minutos y retira con ayuda de un colador. Corta la cocción en un tazón con hielo y agua. Reserva.', 'Para el sándwich: coloca una lámina de calabaza sobre una charola con papel encerado, luego añade una capa de queso, una de jamón y cierra con otra lámina de calabaza. Repite este proceso hasta terminar con toda la calabaza. Gratina el sándwich a 180 °C por 10 minutos o hasta que se gratine el queso.', 'Para el aderezo: agrega la mayonesa, la cátsup y la crema en un bowl, luego mezcla con ayuda de una cuchara o un batidor globo. Reserva.', 'Sirve el sándwich de calabacita con jamón y queso en un plato extendido y acompaña con el aderezo.']",https://cdn7.kiwilimon.com/brightcove/8925/8925.jpg
